Date,USDBRL
01/01/2009,"2,324"
02/01/2009,"2,313"
05/01/2009,"2,2165"
06/01/2009,"2,139"
07/01/2009,"2,1725"
08/01/2009,"2,2146"
09/01/2009,"2,2431"
12/01/2009,"2,272"
13/01/2009,"2,2483"
14/01/2009,"2,3051"
15/01/2009,"2,3226"
16/01/2009,"2,29"
19/01/2009,"2,2825"
20/01/2009,"2,3125"
21/01/2009,"2,3038"
22/01/2009,"2,3003"
23/01/2009,"2,3002"
26/01/2009,"2,2638"
27/01/2009,"2,267"
28/01/2009,"2,237"
29/01/2009,"2,24"
30/01/2009,"2,263"
02/02/2009,"2,34"
03/02/2009,"2,307"
04/02/2009,"2,2869"
05/02/2009,"2,29"
06/02/2009,"2,2593"
09/02/2009,"2,2385"
10/02/2009,"2,2635"
11/02/2009,"2,2598"
12/02/2009,"2,286"
13/02/2009,"2,256"
16/02/2009,"2,266"
17/02/2009,"2,315"
18/02/2009,"2,349"
19/02/2009,"2,3533"
20/02/2009,"2,3905"
23/02/2009,"2,379"
24/02/2009,"2,383"
25/02/2009,"2,394"
26/02/2009,"2,344"
27/02/2009,"2,369"
02/03/2009,"2,437"
03/03/2009,"2,439"
04/03/2009,"2,371"
05/03/2009,"2,378"
06/03/2009,"2,3724"
09/03/2009,"2,3652"
10/03/2009,"2,3434"
11/03/2009,"2,3368"
12/03/2009,"2,3182"
13/03/2009,"2,3065"
16/03/2009,"2,2095"
17/03/2009,"2,2759"
18/03/2009,"2,2997"
19/03/2009,"2,251"
20/03/2009,"2,264"
23/03/2009,"2,27"
24/03/2009,"2,2439"
25/03/2009,"2,2387"
26/03/2009,"2,2354"
27/03/2009,"2,2754"
30/03/2009,"2,323"
31/03/2009,"2,307"
01/04/2009,"2,2785"
02/04/2009,"2,227"
03/04/2009,"2,1993"
06/04/2009,"2,2215"
07/04/2009,"2,2259"
08/04/2009,"2,1973"
09/04/2009,"2,175"
10/04/2009,"2,1811"
14/04/2009,"2,1771"
15/04/2009,"2,194"
16/04/2009,"2,177"
17/04/2009,"2,1826"
20/04/2009,"2,2303"
21/04/2009,"2,239"
22/04/2009,"2,201"
23/04/2009,"2,2075"
24/04/2009,"2,1935"
27/04/2009,"2,1962"
28/04/2009,"2,1543"
29/04/2009,"2,1591"
30/04/2009,"2,1689"
01/05/2009,"2,18"
04/05/2009,"2,1326"
05/05/2009,"2,1469"
06/05/2009,"2,1115"
07/05/2009,"2,1033"
08/05/2009,"2,073"
11/05/2009,"2,0498"
12/05/2009,"2,0595"
13/05/2009,"2,1009"
14/05/2009,"2,0985"
15/05/2009,"2,0784"
18/05/2009,"2,0772"
19/05/2009,"2,0448"
20/05/2009,"2,0174"
21/05/2009,"2,0375"
22/05/2009,"2,0238"
25/05/2009,"2,0201"
26/05/2009,"2,0337"
27/05/2009,"2,012"
28/05/2009,"2,0042"
29/05/2009,"1,9653"
02/06/2009,"1,941"
03/06/2009,"1,9452"
04/06/2009,"1,9421"
05/06/2009,"1,956"
08/06/2009,"1,9751"
09/06/2009,"1,9426"
10/06/2009,"1,9477"
11/06/2009,"1,947"
12/06/2009,"1,9205"
15/06/2009,"1,9575"
16/06/2009,"1,9675"
17/06/2009,"1,979"
18/06/2009,"1,911"
19/06/2009,"1,9511"
22/06/2009,"2,012"
23/06/2009,2
24/06/2009,"1,962"
25/06/2009,"1,9606"
26/06/2009,"1,93"
29/06/2009,"1,9542"
30/06/2009,"1,9628"
01/07/2009,"1,9268"
02/07/2009,"1,9533"
03/07/2009,"1,9508"
04/07/2009,"1,9509"
05/07/2009,"1,9033"
06/07/2009,"1,9708"
07/07/2009,"1,965"
08/07/2009,"2,0012"
09/07/2009,"1,9425"
10/07/2009,"2,0127"
11/07/2009,"1,9644"
13/07/2009,"1,9874"
14/07/2009,"1,9664"
15/07/2009,"1,9331"
16/07/2009,"1,9291"
17/07/2009,"1,9257"
18/07/2009,"1,9256"
20/07/2009,"1,904"
21/07/2009,"1,906"
22/07/2009,"1,9022"
23/07/2009,"1,8848"
24/07/2009,"1,8937"
25/07/2009,"1,8937"
27/07/2009,"1,8805"
28/07/2009,"1,881"
29/07/2009,"1,899"
30/07/2009,"1,8765"
31/07/2009,"1,8635"
03/08/2009,"1,8331"
04/08/2009,"1,8306"
05/08/2009,"1,832"
06/08/2009,"1,8278"
07/08/2009,"1,8232"
08/08/2009,"1,7708"
10/08/2009,"1,845"
11/08/2009,"1,8508"
12/08/2009,"1,833"
13/08/2009,"1,8303"
14/08/2009,"1,8415"
15/08/2009,"1,8413"
16/08/2009,"1,8"
17/08/2009,"1,8"
18/08/2009,"1,8"
19/08/2009,"1,8604"
20/08/2009,"1,84"
21/08/2009,"1,829"
22/08/2009,"1,8092"
23/08/2009,"1,8092"
24/08/2009,"1,7833"
25/08/2009,"1,8373"
26/08/2009,"1,872"
27/08/2009,"1,8794"
28/08/2009,"1,8233"
29/08/2009,"1,8233"
30/08/2009,"1,8314"
31/08/2009,"1,874"
01/09/2009,"1,913"
02/09/2009,"1,888"
03/09/2009,"1,8665"
04/09/2009,"1,8432"
05/09/2009,"1,8434"
07/09/2009,"1,8398"
08/09/2009,"1,8233"
09/09/2009,"1,836"
10/09/2009,"1,816"
11/09/2009,"1,8085"
14/09/2009,"1,814"
15/09/2009,"1,8036"
16/09/2009,"1,7964"
17/09/2009,"1,8074"
18/09/2009,"1,8062"
19/09/2009,"1,806"
20/09/2009,"1,7593"
21/09/2009,"1,7643"
22/09/2009,"1,803"
23/09/2009,"1,7878"
24/09/2009,"1,7535"
25/09/2009,"1,799"
26/09/2009,"1,7503"
27/09/2009,"1,7503"
28/09/2009,"1,7413"
29/09/2009,"1,7846"
30/09/2009,"1,7721"
01/10/2009,"1,7796"
02/10/2009,"1,7789"
03/10/2009,"1,7789"
04/10/2009,"1,7333"
05/10/2009,"1,7683"
06/10/2009,"1,747"
07/10/2009,"1,7584"
08/10/2009,"1,738"
09/10/2009,"1,7377"
10/10/2009,"1,6875"
11/10/2009,"1,6875"
12/10/2009,"1,7397"
13/10/2009,"1,7293"
14/10/2009,"1,7034"
15/10/2009,"1,7015"
16/10/2009,"1,7049"
17/10/2009,"1,6701"
18/10/2009,"1,6595"
19/10/2009,"1,7067"
20/10/2009,"1,7525"
21/10/2009,"1,7307"
22/10/2009,"1,7244"
23/10/2009,"1,7144"
26/10/2009,"1,7158"
27/10/2009,"1,732"
28/10/2009,"1,7542"
29/10/2009,"1,733"
30/10/2009,"1,7518"
31/10/2009,"1,7046"
02/11/2009,"1,7608"
03/11/2009,"1,7405"
04/11/2009,"1,717"
05/11/2009,"1,7205"
06/11/2009,"1,7151"
09/11/2009,"1,6979"
10/11/2009,"1,7083"
11/11/2009,"1,7172"
12/11/2009,"1,7337"
13/11/2009,"1,7234"
16/11/2009,"1,708"
17/11/2009,"1,71"
18/11/2009,"1,716"
19/11/2009,"1,73"
20/11/2009,"1,7327"
23/11/2009,"1,7265"
24/11/2009,"1,7284"
25/11/2009,"1,731"
26/11/2009,"1,7513"
27/11/2009,"1,7425"
30/11/2009,"1,7477"
01/12/2009,"1,7246"
02/12/2009,"1,717"
03/12/2009,"1,704"
04/12/2009,"1,7212"
07/12/2009,"1,724"
08/12/2009,"1,7479"
09/12/2009,"1,7603"
10/12/2009,"1,7697"
11/12/2009,"1,7591"
14/12/2009,"1,7445"
15/12/2009,"1,7506"
16/12/2009,"1,7443"
17/12/2009,"1,7903"
18/12/2009,"1,7865"
21/12/2009,"1,7795"
22/12/2009,"1,7796"
23/12/2009,"1,7615"
24/12/2009,"1,7272"
28/12/2009,"1,736"
29/12/2009,"1,736"
30/12/2009,"1,739"
31/12/2009,"1,743"
04/01/2010,"1,719"
05/01/2010,"1,737"
06/01/2010,"1,7315"
07/01/2010,"1,7389"
08/01/2010,"1,732"
11/01/2010,"1,731"
12/01/2010,"1,7373"
13/01/2010,"1,7459"
14/01/2010,"1,7641"
15/01/2010,"1,7644"
18/01/2010,"1,7633"
19/01/2010,"1,7742"
20/01/2010,"1,7895"
21/01/2010,"1,8008"
22/01/2010,"1,8188"
25/01/2010,"1,7835"
26/01/2010,"1,8336"
27/01/2010,"1,8496"
28/01/2010,"1,868"
29/01/2010,"1,8729"
01/02/2010,"1,8624"
02/02/2010,"1,8304"
03/02/2010,"1,85"
04/02/2010,"1,8804"
05/02/2010,"1,8827"
08/02/2010,"1,8715"
09/02/2010,"1,843"
10/02/2010,"1,8506"
11/02/2010,"1,8515"
12/02/2010,"1,8585"
15/02/2010,"1,8514"
16/02/2010,"1,8425"
17/02/2010,"1,833"
18/02/2010,"1,819"
19/02/2010,"1,8035"
22/02/2010,"1,808"
23/02/2010,"1,8196"
24/02/2010,"1,8186"
25/02/2010,"1,836"
26/02/2010,"1,806"
01/03/2010,"1,798"
02/03/2010,"1,7325"
03/03/2010,"1,788"
04/03/2010,"1,7885"
05/03/2010,"1,778"
08/03/2010,"1,7847"
09/03/2010,"1,781"
10/03/2010,"1,768"
11/03/2010,"1,769"
12/03/2010,"1,761"
15/03/2010,"1,7614"
16/03/2010,"1,7662"
17/03/2010,"1,762"
18/03/2010,"1,771"
19/03/2010,"1,795"
22/03/2010,"1,799"
23/03/2010,"1,7806"
24/03/2010,"1,7933"
25/03/2010,"1,799"
26/03/2010,"1,823"
29/03/2010,"1,8085"
30/03/2010,"1,7938"
31/03/2010,"1,7805"
01/04/2010,"1,7654"
02/04/2010,"1,765"
05/04/2010,"1,7605"
06/04/2010,"1,753"
07/04/2010,"1,777"
08/04/2010,"1,773"
09/04/2010,"1,771"
12/04/2010,"1,7562"
13/04/2010,"1,7135"
14/04/2010,"1,746"
15/04/2010,"1,75"
16/04/2010,"1,7562"
19/04/2010,"1,7603"
20/04/2010,"1,7525"
21/04/2010,"1,748"
22/04/2010,"1,7635"
23/04/2010,"1,7628"
26/04/2010,"1,744"
27/04/2010,"1,765"
28/04/2010,"1,7581"
29/04/2010,"1,731"
30/04/2010,"1,7287"
03/05/2010,"1,731"
04/05/2010,"1,7493"
05/05/2010,"1,7798"
06/05/2010,"1,8341"
07/05/2010,"1,8495"
10/05/2010,"1,7749"
11/05/2010,"1,7755"
12/05/2010,"1,7735"
13/05/2010,"1,77"
14/05/2010,"1,8025"
17/05/2010,"1,8033"
18/05/2010,"1,816"
19/05/2010,"1,8297"
20/05/2010,"1,8848"
21/05/2010,"1,8468"
24/05/2010,"1,8622"
25/05/2010,"1,8685"
26/05/2010,"1,863"
27/05/2010,"1,816"
28/05/2010,"1,8143"
31/05/2010,"1,8144"
01/06/2010,"1,834"
02/06/2010,"1,831"
03/06/2010,"1,8194"
04/06/2010,"1,8389"
07/06/2010,"1,874"
08/06/2010,"1,86"
09/06/2010,"1,842"
10/06/2010,"1,8123"
11/06/2010,"1,8116"
14/06/2010,"1,8017"
15/06/2010,"1,7846"
16/06/2010,"1,7868"
17/06/2010,"1,7854"
18/06/2010,"1,7723"
21/06/2010,"1,7636"
22/06/2010,"1,7669"
23/06/2010,"1,8011"
24/06/2010,"1,7785"
25/06/2010,"1,78"
28/06/2010,"1,782"
29/06/2010,"1,8078"
30/06/2010,"1,7909"
01/07/2010,"1,7989"
02/07/2010,"1,7745"
05/07/2010,"1,7734"
06/07/2010,"1,767"
07/07/2010,"1,765"
08/07/2010,"1,7683"
09/07/2010,"1,7564"
12/07/2010,"1,76"
13/07/2010,"1,756"
14/07/2010,"1,766"
15/07/2010,"1,77"
16/07/2010,"1,7826"
19/07/2010,"1,7863"
20/07/2010,"1,7737"
21/07/2010,"1,7714"
22/07/2010,"1,7602"
23/07/2010,"1,7605"
26/07/2010,"1,7656"
27/07/2010,"1,7607"
28/07/2010,"1,7623"
29/07/2010,"1,7648"
30/07/2010,"1,7585"
02/08/2010,"1,7429"
03/08/2010,"1,7537"
04/08/2010,"1,7526"
05/08/2010,"1,7535"
06/08/2010,"1,7585"
09/08/2010,"1,751"
10/08/2010,"1,76"
11/08/2010,"1,7685"
12/08/2010,"1,7664"
13/08/2010,"1,771"
16/08/2010,"1,7554"
17/08/2010,"1,7478"
18/08/2010,"1,7488"
19/08/2010,"1,7606"
20/08/2010,"1,7585"
23/08/2010,"1,7613"
24/08/2010,"1,7609"
25/08/2010,"1,7649"
26/08/2010,"1,7563"
27/08/2010,"1,7463"
30/08/2010,"1,755"
31/08/2010,"1,7501"
01/09/2010,"1,74"
02/09/2010,"1,7395"
03/09/2010,"1,726"
06/09/2010,"1,7249"
07/09/2010,"1,73"
08/09/2010,"1,7192"
09/09/2010,"1,7232"
10/09/2010,"1,716"
13/09/2010,"1,7165"
14/09/2010,"1,7015"
15/09/2010,"1,7212"
16/09/2010,"1,7175"
17/09/2010,"1,7128"
20/09/2010,"1,7265"
21/09/2010,"1,7245"
22/09/2010,"1,6743"
23/09/2010,"1,7177"
24/09/2010,"1,7125"
27/09/2010,"1,709"
28/09/2010,"1,709"
29/09/2010,"1,7035"
30/09/2010,"1,6961"
01/10/2010,"1,6802"
04/10/2010,"1,6975"
05/10/2010,"1,669"
06/10/2010,"1,684"
07/10/2010,"1,6778"
08/10/2010,"1,6743"
11/10/2010,"1,6613"
12/10/2010,"1,67"
13/10/2010,"1,6525"
14/10/2010,"1,6606"
15/10/2010,"1,6534"
18/10/2010,"1,672"
19/10/2010,"1,69"
20/10/2010,"1,675"
21/10/2010,"1,694"
22/10/2010,"1,706"
25/10/2010,"1,6998"
26/10/2010,"1,7023"
27/10/2010,"1,719"
28/10/2010,"1,7135"
29/10/2010,"1,6975"
01/11/2010,"1,7043"
02/11/2010,"1,701"
03/11/2010,"1,689"
04/11/2010,"1,6747"
05/11/2010,"1,679"
08/11/2010,"1,696"
09/11/2010,"1,696"
10/11/2010,"1,71"
11/11/2010,"1,7215"
12/11/2010,"1,7223"
15/11/2010,"1,72"
16/11/2010,"1,736"
17/11/2010,"1,7262"
18/11/2010,"1,711"
19/11/2010,"1,7165"
22/11/2010,"1,7208"
23/11/2010,"1,7335"
24/11/2010,"1,722"
25/11/2010,"1,7155"
26/11/2010,"1,7296"
29/11/2010,"1,717"
30/11/2010,"1,7145"
01/12/2010,"1,7059"
02/12/2010,"1,7015"
03/12/2010,"1,6838"
06/12/2010,"1,6813"
07/12/2010,"1,677"
08/12/2010,"1,692"
09/12/2010,"1,7036"
10/12/2010,"1,705"
13/12/2010,"1,693"
14/12/2010,"1,693"
15/12/2010,"1,6989"
16/12/2010,"1,7043"
17/12/2010,"1,71"
20/12/2010,"1,7066"
21/12/2010,"1,7"
22/12/2010,"1,699"
23/12/2010,"1,6923"
24/12/2010,"1,6907"
27/12/2010,"1,685"
28/12/2010,"1,6902"
29/12/2010,"1,678"
30/12/2010,"1,662"
31/12/2010,"1,66"
03/01/2011,"1,6465"
04/01/2011,"1,6675"
05/01/2011,"1,675"
06/01/2011,"1,6859"
07/01/2011,"1,682"
10/01/2011,"1,689"
11/01/2011,"1,6416"
12/01/2011,"1,6247"
13/01/2011,"1,669"
14/01/2011,"1,6817"
17/01/2011,"1,6821"
18/01/2011,"1,6715"
19/01/2011,"1,67"
20/01/2011,"1,6352"
21/01/2011,"1,6223"
24/01/2011,"1,6705"
25/01/2011,"1,6677"
26/01/2011,"1,6183"
27/01/2011,"1,6723"
28/01/2011,"1,6812"
31/01/2011,"1,667"
01/02/2011,"1,6652"
02/02/2011,"1,6627"
03/02/2011,"1,6684"
04/02/2011,"1,6771"
07/02/2011,"1,6279"
08/02/2011,"1,6645"
09/02/2011,"1,662"
10/02/2011,"1,6641"
11/02/2011,"1,6663"
14/02/2011,"1,6665"
15/02/2011,"1,6686"
16/02/2011,"1,669"
17/02/2011,"1,662"
18/02/2011,"1,6626"
21/02/2011,"1,6675"
22/02/2011,"1,6707"
23/02/2011,"1,671"
24/02/2011,"1,6627"
25/02/2011,"1,66"
28/02/2011,"1,6588"
01/03/2011,"1,6574"
02/03/2011,"1,6542"
03/03/2011,"1,6495"
04/03/2011,"1,6436"
07/03/2011,"1,6521"
08/03/2011,"1,654"
09/03/2011,"1,6547"
10/03/2011,"1,659"
11/03/2011,"1,662"
14/03/2011,"1,6649"
15/03/2011,"1,6632"
16/03/2011,"1,676"
17/03/2011,"1,6795"
18/03/2011,"1,6682"
21/03/2011,"1,6636"
22/03/2011,"1,6593"
23/03/2011,"1,66"
24/03/2011,"1,6575"
25/03/2011,"1,6554"
28/03/2011,"1,66"
29/03/2011,"1,6559"
30/03/2011,"1,6285"
31/03/2011,"1,6272"
01/04/2011,"1,6191"
03/04/2011,"1,612"
04/04/2011,"1,6052"
05/04/2011,"1,607"
06/04/2011,"1,6147"
07/04/2011,"1,5929"
08/04/2011,"1,5737"
09/04/2011,"1,5703"
11/04/2011,"1,5771"
12/04/2011,"1,591"
13/04/2011,"1,592"
14/04/2011,"1,5785"
15/04/2011,"1,5721"
17/04/2011,"1,5686"
18/04/2011,"1,589"
19/04/2011,"1,5785"
20/04/2011,"1,569"
21/04/2011,"1,5613"
24/04/2011,"1,5586"
25/04/2011,"1,575"
26/04/2011,"1,5645"
27/04/2011,"1,5665"
28/04/2011,"1,5863"
29/04/2011,"1,57"
30/04/2011,"1,5633"
02/05/2011,"1,5765"
03/05/2011,"1,5875"
04/05/2011,"1,605"
05/05/2011,"1,625"
06/05/2011,"1,6088"
07/05/2011,"1,5994"
09/05/2011,"1,6155"
10/05/2011,"1,607"
11/05/2011,"1,6199"
12/05/2011,"1,6165"
13/05/2011,"1,6349"
15/05/2011,"1,6356"
16/05/2011,"1,6308"
17/05/2011,"1,618"
18/05/2011,"1,6113"
19/05/2011,"1,6159"
20/05/2011,"1,614"
21/05/2011,"1,6113"
23/05/2011,"1,6373"
24/05/2011,"1,6285"
25/05/2011,"1,6265"
26/05/2011,"1,6223"
27/05/2011,"1,599"
28/05/2011,"1,5943"
30/05/2011,"1,593"
31/05/2011,"1,5787"
01/06/2011,"1,592"
02/06/2011,"1,5775"
03/06/2011,"1,574"
05/06/2011,"1,5688"
06/06/2011,"1,5802"
07/06/2011,"1,577"
08/06/2011,"1,5815"
09/06/2011,"1,5869"
10/06/2011,"1,5974"
11/06/2011,"1,5948"
13/06/2011,"1,589"
14/06/2011,"1,5791"
15/06/2011,"1,597"
16/06/2011,"1,6061"
17/06/2011,"1,5955"
18/06/2011,"1,5898"
20/06/2011,"1,594"
21/06/2011,"1,5875"
22/06/2011,"1,587"
23/06/2011,"1,5905"
24/06/2011,"1,59"
25/06/2011,"1,59"
27/06/2011,"1,595"
28/06/2011,"1,578"
29/06/2011,"1,5697"
30/06/2011,"1,5614"
01/07/2011,"1,5555"
02/07/2011,"1,5488"
04/07/2011,"1,5515"
05/07/2011,"1,5637"
06/07/2011,"1,5692"
07/07/2011,"1,5545"
08/07/2011,"1,5642"
10/07/2011,"1,5618"
11/07/2011,"1,58"
12/07/2011,"1,5747"
13/07/2011,"1,5677"
14/07/2011,"1,5765"
15/07/2011,"1,5737"
16/07/2011,"1,568"
18/07/2011,"1,575"
19/07/2011,"1,565"
20/07/2011,"1,5615"
21/07/2011,"1,5523"
22/07/2011,"1,5539"
23/07/2011,"1,5539"
24/07/2011,"1,5539"
25/07/2011,"1,5441"
26/07/2011,"1,5337"
27/07/2011,"1,5631"
28/07/2011,"1,5628"
29/07/2011,"1,5494"
30/07/2011,"1,5465"
01/08/2011,"1,5578"
02/08/2011,"1,5633"
03/08/2011,"1,563"
04/08/2011,"1,5768"
05/08/2011,"1,5949"
06/08/2011,"1,593"
08/08/2011,"1,5969"
09/08/2011,"1,6282"
10/08/2011,"1,6219"
11/08/2011,"1,6233"
15/08/2011,"1,5887"
16/08/2011,"1,5841"
17/08/2011,"1,5785"
18/08/2011,"1,607"
19/08/2011,"1,5998"
20/08/2011,"1,5953"
22/08/2011,"1,6025"
23/08/2011,"1,5973"
24/08/2011,"1,6073"
25/08/2011,"1,609"
26/08/2011,"1,604"
27/08/2011,"1,6"
29/08/2011,"1,5943"
30/08/2011,"1,5865"
31/08/2011,"1,5825"
01/09/2011,"1,599"
02/09/2011,"1,6418"
03/09/2011,"1,6298"
05/09/2011,"1,6493"
06/09/2011,"1,66"
07/09/2011,"1,6535"
08/09/2011,"1,6516"
09/09/2011,"1,6795"
11/09/2011,"1,6749"
12/09/2011,"1,7035"
13/09/2011,"1,7115"
14/09/2011,"1,724"
15/09/2011,"1,7091"
16/09/2011,"1,7105"
19/09/2011,"1,7846"
20/09/2011,"1,7916"
21/09/2011,"1,8339"
22/09/2011,"1,8768"
23/09/2011,"1,859"
24/09/2011,"1,8558"
26/09/2011,"1,846"
27/09/2011,"1,802"
28/09/2011,"1,8177"
29/09/2011,"1,8277"
30/09/2011,"1,847"
03/10/2011,"1,8877"
04/10/2011,"1,8501"
05/10/2011,"1,8337"
06/10/2011,"1,8067"
07/10/2011,"1,7644"
09/10/2011,"1,7623"
10/10/2011,"1,7469"
11/10/2011,"1,7388"
12/10/2011,"1,774"
13/10/2011,"1,7431"
14/10/2011,"1,7305"
15/10/2011,"1,7307"
17/10/2011,"1,767"
18/10/2011,"1,7575"
19/10/2011,"1,7613"
20/10/2011,"1,787"
21/10/2011,"1,7713"
22/10/2011,"1,7676"
24/10/2011,"1,7493"
25/10/2011,"1,7615"
26/10/2011,"1,758"
27/10/2011,"1,709"
28/10/2011,"1,689"
31/10/2011,"1,6924"
01/11/2011,"1,742"
02/11/2011,"1,7333"
03/11/2011,"1,7315"
04/11/2011,"1,7435"
05/11/2011,"1,749"
07/11/2011,"1,7499"
08/11/2011,"1,7395"
09/11/2011,"1,7566"
10/11/2011,"1,76"
11/11/2011,"1,742"
13/11/2011,"1,7399"
14/11/2011,"1,7595"
15/11/2011,"1,7693"
16/11/2011,"1,7703"
17/11/2011,"1,7645"
18/11/2011,"1,7778"
19/11/2011,"1,7778"
21/11/2011,"1,8042"
22/11/2011,"1,8117"
23/11/2011,"1,8593"
24/11/2011,"1,8755"
25/11/2011,"1,8803"
26/11/2011,"1,8741"
27/11/2011,"1,8803"
28/11/2011,"1,8547"
29/11/2011,"1,8415"
30/11/2011,"1,808"
01/12/2011,"1,799"
02/12/2011,"1,7935"
03/12/2011,"1,7759"
04/12/2011,"1,7952"
05/12/2011,"1,7796"
06/12/2011,"1,791"
07/12/2011,"1,7987"
08/12/2011,"1,817"
09/12/2011,"1,8049"
10/12/2011,"1,8015"
12/12/2011,"1,8092"
13/12/2011,"1,8577"
14/12/2011,"1,8763"
15/12/2011,"1,8588"
16/12/2011,"1,8559"
18/12/2011,"1,853"
19/12/2011,"1,8665"
20/12/2011,"1,8418"
21/12/2011,"1,8553"
22/12/2011,"1,851"
23/12/2011,"1,858"
24/12/2011,"1,8575"
27/12/2011,"1,86"
28/12/2011,"1,8767"
29/12/2011,"1,8652"
30/12/2011,"1,8627"
31/12/2011,"1,8623"
02/01/2012,"1,8701"
03/01/2012,"1,8345"
04/01/2012,"1,8184"
05/01/2012,"1,843"
06/01/2012,"1,85"
07/01/2012,"1,8476"
09/01/2012,"1,841"
10/01/2012,"1,799"
11/01/2012,"1,8035"
12/01/2012,"1,7809"
13/01/2012,"1,7888"
14/01/2012,"1,7908"
16/01/2012,"1,7793"
17/01/2012,"1,7795"
18/01/2012,"1,7683"
19/01/2012,"1,7555"
20/01/2012,"1,763"
21/01/2012,"1,7601"
23/01/2012,"1,752"
24/01/2012,"1,7584"
25/01/2012,"1,76"
26/01/2012,"1,7381"
27/01/2012,"1,7372"
28/01/2012,"1,738"
30/01/2012,"1,7463"
31/01/2012,"1,7448"
01/02/2012,"1,7317"
02/02/2012,"1,7181"
03/02/2012,"1,7153"
04/02/2012,"1,7152"
05/02/2012,"1,7153"
06/02/2012,"1,7237"
07/02/2012,"1,7234"
08/02/2012,"1,7188"
09/02/2012,"1,7155"
10/02/2012,"1,7206"
11/02/2012,"1,7158"
12/02/2012,"1,7188"
13/02/2012,"1,7152"
14/02/2012,"1,7161"
15/02/2012,"1,7278"
16/02/2012,"1,7155"
17/02/2012,"1,7139"
18/02/2012,"1,7115"
19/02/2012,"1,7093"
20/02/2012,"1,7169"
21/02/2012,"1,7145"
22/02/2012,"1,7051"
23/02/2012,"1,7129"
24/02/2012,"1,7076"
25/02/2012,"1,7066"
27/02/2012,"1,706"
28/02/2012,"1,6976"
29/02/2012,"1,7166"
01/03/2012,"1,7135"
02/03/2012,"1,7286"
03/03/2012,"1,7282"
04/03/2012,"1,7293"
05/03/2012,"1,7378"
06/03/2012,"1,7589"
07/03/2012,"1,7678"
08/03/2012,"1,7611"
09/03/2012,"1,7891"
10/03/2012,"1,7891"
11/03/2012,"1,7891"
12/03/2012,"1,7987"
13/03/2012,"1,7916"
14/03/2012,"1,8034"
15/03/2012,"1,7991"
16/03/2012,"1,7938"
17/03/2012,"1,798"
18/03/2012,"1,7975"
19/03/2012,"1,8207"
20/03/2012,"1,8141"
21/03/2012,"1,8192"
22/03/2012,"1,8184"
23/03/2012,"1,8091"
24/03/2012,"1,7982"
25/03/2012,"1,8092"
26/03/2012,"1,8165"
27/03/2012,"1,8212"
28/03/2012,"1,8248"
29/03/2012,"1,8224"
30/03/2012,"1,8254"
31/03/2012,"1,8241"
01/04/2012,"1,8244"
02/04/2012,"1,8323"
03/04/2012,"1,8272"
04/04/2012,"1,8282"
05/04/2012,"1,823"
06/04/2012,"1,8243"
07/04/2012,"1,8195"
08/04/2012,"1,8179"
09/04/2012,"1,8184"
10/04/2012,"1,8326"
11/04/2012,"1,8344"
12/04/2012,"1,8268"
13/04/2012,"1,8373"
14/04/2012,"1,8375"
15/04/2012,"1,8375"
16/04/2012,"1,8458"
17/04/2012,"1,8571"
18/04/2012,"1,8776"
19/04/2012,"1,8801"
20/04/2012,"1,8718"
21/04/2012,"1,8716"
22/04/2012,"1,8704"
23/04/2012,"1,88"
24/04/2012,"1,8797"
25/04/2012,"1,8781"
26/04/2012,"1,8834"
27/04/2012,"1,8852"
28/04/2012,"1,8851"
29/04/2012,"1,885"
30/04/2012,"1,9081"
01/05/2012,"1,9061"
02/05/2012,"1,9218"
03/05/2012,"1,9092"
04/05/2012,"1,9246"
05/05/2012,"1,8966"
06/05/2012,"1,8962"
07/05/2012,"1,9174"
08/05/2012,"1,9384"
09/05/2012,"1,9696"
10/05/2012,"1,9538"
11/05/2012,"1,9638"
12/05/2012,"1,9638"
13/05/2012,"1,961"
14/05/2012,"1,9938"
15/05/2012,2
16/05/2012,2
17/05/2012,"2,008"
18/05/2012,"2,0227"
19/05/2012,"2,0226"
21/05/2012,"2,036"
22/05/2012,"2,0899"
23/05/2012,"2,027"
24/05/2012,"2,0277"
25/05/2012,"1,9823"
27/05/2012,"1,9823"
28/05/2012,"1,9819"
29/05/2012,"1,9921"
30/05/2012,"2,0155"
31/05/2012,"2,0241"
01/06/2012,"2,0382"
02/06/2012,"2,0382"
03/06/2012,"2,0379"
04/06/2012,"2,0507"
05/06/2012,"2,029"
06/06/2012,"2,0328"
07/06/2012,"2,0336"
08/06/2012,"2,0221"
09/06/2012,"2,003"
10/06/2012,"2,0031"
11/06/2012,"2,0633"
12/06/2012,"2,0679"
13/06/2012,"2,0685"
14/06/2012,"2,0573"
15/06/2012,"2,0485"
16/06/2012,"2,0432"
17/06/2012,"2,0432"
18/06/2012,"2,061"
19/06/2012,"2,0277"
20/06/2012,"2,0255"
21/06/2012,"2,0623"
22/06/2012,"2,0655"
23/06/2012,"2,0654"
24/06/2012,"2,0651"
25/06/2012,"2,0605"
26/06/2012,"2,0745"
27/06/2012,"2,0739"
28/06/2012,"2,0768"
29/06/2012,"2,0065"
30/06/2012,"2,0065"
01/07/2012,"2,0096"
02/07/2012,"1,9831"
03/07/2012,"2,0085"
04/07/2012,"2,0265"
05/07/2012,"2,0183"
06/07/2012,"2,0265"
07/07/2012,"2,0137"
09/07/2012,"2,0311"
10/07/2012,"2,033"
11/07/2012,"2,0326"
12/07/2012,"2,0368"
13/07/2012,"2,0363"
14/07/2012,"2,035"
15/07/2012,"2,0351"
16/07/2012,"2,0338"
17/07/2012,"2,0216"
18/07/2012,"2,0213"
19/07/2012,"2,0111"
20/07/2012,"2,0222"
21/07/2012,"2,005"
22/07/2012,"2,0232"
23/07/2012,"2,0373"
24/07/2012,"2,045"
25/07/2012,"2,0328"
26/07/2012,"2,0201"
27/07/2012,"2,0221"
28/07/2012,"2,0221"
29/07/2012,"2,0192"
30/07/2012,"2,0402"
31/07/2012,"2,053"
01/08/2012,"2,0431"
02/08/2012,"2,0483"
03/08/2012,"2,0262"
04/08/2012,"2,0262"
05/08/2012,"2,0262"
06/08/2012,"2,0301"
07/08/2012,"2,0272"
08/08/2012,"2,0205"
09/08/2012,"2,0162"
10/08/2012,"2,0107"
11/08/2012,"2,0107"
12/08/2012,"2,0141"
13/08/2012,"2,0176"
14/08/2012,"2,0255"
15/08/2012,"2,0232"
16/08/2012,"2,016"
17/08/2012,"2,0135"
18/08/2012,"2,0124"
19/08/2012,"2,0126"
20/08/2012,"2,0155"
22/08/2012,"2,0158"
23/08/2012,"2,0229"
24/08/2012,"2,0068"
25/08/2012,"2,0231"
26/08/2012,"2,0231"
27/08/2012,"2,0311"
28/08/2012,"2,0409"
29/08/2012,"2,0468"
30/08/2012,"2,044"
31/08/2012,"2,0276"
01/09/2012,"2,0268"
02/09/2012,"2,0277"
03/09/2012,"2,0285"
04/09/2012,"2,0365"
05/09/2012,"2,0348"
06/09/2012,"2,0249"
07/09/2012,"2,0253"
08/09/2012,"2,0253"
09/09/2012,"2,0253"
10/09/2012,"2,0194"
11/09/2012,"2,0118"
12/09/2012,"2,0239"
13/09/2012,"2,0182"
14/09/2012,"2,0091"
15/09/2012,"2,0075"
16/09/2012,"2,0093"
17/09/2012,"2,0302"
18/09/2012,"2,0199"
19/09/2012,"2,0215"
20/09/2012,"2,0182"
21/09/2012,"2,0186"
22/09/2012,"2,0178"
23/09/2012,"2,0188"
24/09/2012,"2,0234"
25/09/2012,"2,0282"
26/09/2012,"2,0332"
27/09/2012,"2,0269"
28/09/2012,"2,0226"
29/09/2012,"2,0226"
30/09/2012,"2,0226"
01/10/2012,"2,023"
02/10/2012,"2,0251"
03/10/2012,"2,0191"
04/10/2012,"2,0157"
05/10/2012,"2,0278"
06/10/2012,"2,0278"
07/10/2012,"1,9974"
08/10/2012,"2,0285"
09/10/2012,"2,0306"
10/10/2012,"2,0394"
11/10/2012,"2,0392"
12/10/2012,"2,0416"
13/10/2012,"2,0395"
14/10/2012,"2,0418"
15/10/2012,"2,0347"
16/10/2012,"2,0312"
17/10/2012,"2,0299"
18/10/2012,"2,026"
19/10/2012,"2,0242"
20/10/2012,"2,0246"
21/10/2012,"2,0247"
22/10/2012,"2,023"
23/10/2012,"2,0256"
24/10/2012,"2,0243"
25/10/2012,"2,024"
26/10/2012,"2,0236"
27/10/2012,"2,0252"
28/10/2012,"2,0252"
29/10/2012,"2,0308"
30/10/2012,"2,0289"
31/10/2012,"2,0302"
01/11/2012,"2,0295"
02/11/2012,"2,029"
03/11/2012,"2,029"
04/11/2012,"2,0288"
05/11/2012,"2,0341"
06/11/2012,"2,0309"
07/11/2012,"2,0329"
08/11/2012,"2,0391"
09/11/2012,"2,0447"
10/11/2012,"2,0447"
11/11/2012,"2,0445"
12/11/2012,"2,0477"
13/11/2012,"2,0572"
14/11/2012,"2,0654"
15/11/2012,"2,0648"
16/11/2012,"2,0809"
17/11/2012,"2,0806"
19/11/2012,"2,0772"
20/11/2012,"2,0801"
21/11/2012,"2,0974"
22/11/2012,"2,1033"
23/11/2012,"2,0766"
24/11/2012,"2,08"
25/11/2012,"2,0801"
26/11/2012,"2,078"
27/11/2012,"2,0828"
28/11/2012,"2,0917"
29/11/2012,"2,0955"
30/11/2012,"2,1355"
01/12/2012,"2,1334"
02/12/2012,"2,1339"
03/12/2012,"2,1161"
04/12/2012,"2,1183"
05/12/2012,"2,0871"
06/12/2012,"2,0741"
07/12/2012,"2,0735"
08/12/2012,"2,0701"
09/12/2012,"2,0735"
10/12/2012,"2,076"
11/12/2012,"2,0778"
12/12/2012,"2,0704"
13/12/2012,"2,0843"
14/12/2012,"2,0844"
15/12/2012,"2,0843"
16/12/2012,"2,0851"
17/12/2012,"2,0951"
18/12/2012,"2,0882"
19/12/2012,"2,069"
20/12/2012,"2,0694"
21/12/2012,"2,0563"
24/12/2012,"2,0769"
25/12/2012,"2,0771"
26/12/2012,"2,048"
27/12/2012,"2,0418"
28/12/2012,"2,0457"
29/12/2012,"2,0452"
30/12/2012,"2,0451"
31/12/2012,"2,0506"
01/01/2013,"2,0457"
02/01/2013,"2,0456"
03/01/2013,"2,0433"
04/01/2013,"2,0321"
05/01/2013,"2,034"
06/01/2013,"2,0324"
07/01/2013,"2,0263"
08/01/2013,"2,0401"
09/01/2013,"2,0476"
10/01/2013,"2,0258"
11/01/2013,"2,0326"
12/01/2013,"2,0297"
14/01/2013,"2,0324"
15/01/2013,"2,0329"
16/01/2013,"2,0408"
17/01/2013,"2,0371"
18/01/2013,"2,0379"
19/01/2013,"2,0377"
20/01/2013,"2,0298"
21/01/2013,"2,0402"
22/01/2013,"2,0409"
23/01/2013,"2,0339"
24/01/2013,"2,0285"
25/01/2013,"2,0286"
26/01/2013,"2,025"
27/01/2013,"2,0285"
28/01/2013,"1,9942"
29/01/2013,"1,9865"
30/01/2013,"1,9883"
31/01/2013,"1,9905"
01/02/2013,"1,9717"
03/02/2013,"1,9864"
04/02/2013,"1,9932"
05/02/2013,"1,9829"
06/02/2013,"1,9859"
07/02/2013,"1,9639"
08/02/2013,"1,9711"
09/02/2013,"1,9701"
10/02/2013,"1,9701"
11/02/2013,"1,9707"
12/02/2013,"1,9673"
13/02/2013,"1,9641"
14/02/2013,"1,9562"
15/02/2013,"1,9666"
16/02/2013,"1,9651"
17/02/2013,"1,9652"
18/02/2013,"1,9596"
19/02/2013,"1,9539"
20/02/2013,"1,96"
21/02/2013,"1,9718"
22/02/2013,"1,9514"
23/02/2013,"1,969"
24/02/2013,"1,9691"
25/02/2013,"1,9804"
26/02/2013,"1,9807"
27/02/2013,"1,9734"
28/02/2013,"1,9763"
01/03/2013,"1,9603"
02/03/2013,"1,9755"
03/03/2013,"1,9811"
04/03/2013,"1,971"
05/03/2013,"1,9625"
06/03/2013,"1,9707"
07/03/2013,"1,9595"
08/03/2013,"1,942"
09/03/2013,"1,9418"
10/03/2013,"1,9419"
11/03/2013,"1,9572"
12/03/2013,"1,9656"
13/03/2013,"1,9715"
14/03/2013,"1,972"
15/03/2013,"1,9768"
16/03/2013,"1,9768"
17/03/2013,"1,9788"
18/03/2013,"1,9827"
19/03/2013,"1,9826"
20/03/2013,"1,9844"
21/03/2013,"2,0051"
22/03/2013,"2,0047"
23/03/2013,"2,0065"
24/03/2013,"2,0065"
25/03/2013,"2,006"
26/03/2013,"2,0147"
27/03/2013,"2,0102"
28/03/2013,"2,0192"
29/03/2013,"2,019"
30/03/2013,"2,019"
31/03/2013,"2,019"
01/04/2013,"2,0151"
02/04/2013,"2,0198"
03/04/2013,"2,0232"
04/04/2013,"2,0133"
05/04/2013,"1,9937"
07/04/2013,"1,9832"
08/04/2013,"1,989"
09/04/2013,"1,9775"
10/04/2013,"1,9697"
11/04/2013,"1,974"
12/04/2013,"1,9517"
13/04/2013,"1,9517"
14/04/2013,"1,9662"
15/04/2013,2
16/04/2013,"1,9846"
17/04/2013,"1,9976"
18/04/2013,"1,9817"
19/04/2013,"2,0054"
20/04/2013,"2,0054"
21/04/2013,"2,0052"
22/04/2013,"2,0159"
23/04/2013,"2,0185"
24/04/2013,"2,0077"
25/04/2013,2
26/04/2013,"1,9947"
27/04/2013,"1,9949"
28/04/2013,"1,9933"
29/04/2013,"2,0075"
30/04/2013,"1,9986"
01/05/2013,"2,0015"
02/05/2013,"2,007"
03/05/2013,"2,0054"
04/05/2013,"2,0053"
05/05/2013,"2,01"
06/05/2013,"2,006"
07/05/2013,"2,0059"
08/05/2013,2
09/05/2013,"2,011"
10/05/2013,"2,0178"
11/05/2013,"2,0138"
13/05/2013,"2,0064"
14/05/2013,"2,0187"
15/05/2013,"2,0188"
16/05/2013,"2,0227"
17/05/2013,"2,0317"
18/05/2013,"2,0111"
19/05/2013,"2,0312"
20/05/2013,"2,0357"
21/05/2013,"2,0378"
22/05/2013,"2,0457"
23/05/2013,"2,041"
24/05/2013,"2,0296"
25/05/2013,"2,0469"
27/05/2013,"2,0537"
28/05/2013,"2,0738"
29/05/2013,"2,1072"
30/05/2013,"2,1072"
31/05/2013,"2,1378"
02/06/2013,"2,0899"
03/06/2013,"2,1211"
04/06/2013,"2,1242"
05/06/2013,"2,127"
06/06/2013,"2,1273"
07/06/2013,"2,1165"
08/06/2013,"2,1157"
09/06/2013,"2,1291"
10/06/2013,"2,1439"
11/06/2013,"2,1296"
12/06/2013,"2,1527"
13/06/2013,"2,1168"
14/06/2013,"2,1492"
15/06/2013,"2,0964"
16/06/2013,"2,0964"
17/06/2013,"2,168"
18/06/2013,"2,1776"
19/06/2013,"2,2242"
20/06/2013,"2,2557"
21/06/2013,"2,2391"
22/06/2013,"2,2385"
23/06/2013,"2,2385"
24/06/2013,"2,2255"
25/06/2013,"2,2102"
26/06/2013,"2,1862"
27/06/2013,"2,1959"
28/06/2013,"2,226"
29/06/2013,"2,226"
30/06/2013,"2,1892"
01/07/2013,"2,2231"
02/07/2013,"2,2475"
03/07/2013,"2,2634"
04/07/2013,"2,246"
05/07/2013,"2,2493"
06/07/2013,"2,2493"
07/07/2013,"2,2475"
08/07/2013,"2,2615"
09/07/2013,"2,2541"
10/07/2013,"2,2691"
11/07/2013,"2,252"
12/07/2013,"2,2619"
13/07/2013,"2,2619"
14/07/2013,"2,2619"
15/07/2013,"2,2163"
16/07/2013,"2,2492"
17/07/2013,"2,2229"
18/07/2013,"2,2218"
19/07/2013,"2,2448"
20/07/2013,"2,244"
22/07/2013,"2,2299"
23/07/2013,"2,2135"
24/07/2013,"2,2434"
25/07/2013,"2,2405"
26/07/2013,"2,2542"
27/07/2013,"2,2231"
28/07/2013,"2,2544"
29/07/2013,"2,2657"
30/07/2013,"2,2742"
31/07/2013,"2,2736"
01/08/2013,"2,3011"
02/08/2013,"2,2717"
03/08/2013,"2,2847"
04/08/2013,"2,284"
05/08/2013,"2,2963"
06/08/2013,"2,2954"
07/08/2013,"2,3022"
08/08/2013,"2,2788"
09/08/2013,"2,2686"
12/08/2013,"2,2845"
13/08/2013,"2,3107"
14/08/2013,"2,3214"
15/08/2013,"2,3378"
16/08/2013,"2,39"
17/08/2013,"2,3875"
18/08/2013,"2,3875"
19/08/2013,"2,41"
20/08/2013,"2,3919"
21/08/2013,"2,4479"
22/08/2013,"2,4326"
23/08/2013,"2,3473"
24/08/2013,"2,3455"
25/08/2013,"2,412"
26/08/2013,"2,3797"
27/08/2013,"2,3682"
28/08/2013,"2,3437"
29/08/2013,"2,3563"
30/08/2013,"2,3809"
31/08/2013,"2,3807"
02/09/2013,"2,3745"
03/09/2013,"2,3558"
04/09/2013,"2,3578"
05/09/2013,"2,3204"
06/09/2013,"2,2917"
07/09/2013,"2,3006"
08/09/2013,"2,3006"
09/09/2013,"2,2738"
10/09/2013,"2,2817"
11/09/2013,"2,2721"
12/09/2013,"2,2725"
13/09/2013,"2,2773"
14/09/2013,"2,2767"
15/09/2013,"2,2547"
16/09/2013,"2,2805"
17/09/2013,"2,253"
18/09/2013,"2,1837"
19/09/2013,"2,1987"
20/09/2013,"2,2077"
21/09/2013,"2,2075"
22/09/2013,"2,2075"
23/09/2013,"2,1979"
24/09/2013,"2,1946"
25/09/2013,"2,2213"
26/09/2013,"2,2411"
27/09/2013,"2,2489"
29/09/2013,"2,2227"
30/09/2013,"2,2172"
01/10/2013,"2,2128"
02/10/2013,"2,1896"
03/10/2013,"2,2049"
04/10/2013,"2,1955"
05/10/2013,"2,1955"
06/10/2013,"2,2075"
07/10/2013,"2,2017"
08/10/2013,"2,2051"
09/10/2013,"2,2027"
10/10/2013,"2,1774"
11/10/2013,"2,171"
12/10/2013,"2,166"
14/10/2013,"2,1754"
15/10/2013,"2,1796"
16/10/2013,"2,1776"
17/10/2013,"2,1566"
18/10/2013,"2,1661"
19/10/2013,"2,1661"
20/10/2013,"2,1661"
21/10/2013,"2,1705"
22/10/2013,"2,1674"
23/10/2013,"2,1863"
24/10/2013,"2,2007"
25/10/2013,"2,1828"
26/10/2013,"2,1828"
27/10/2013,"2,1844"
28/10/2013,"2,1775"
29/10/2013,"2,182"
30/10/2013,"2,1811"
31/10/2013,"2,2319"
01/11/2013,"2,2536"
02/11/2013,"2,2517"
04/11/2013,"2,2408"
05/11/2013,"2,2773"
06/11/2013,"2,2825"
07/11/2013,"2,3028"
08/11/2013,"2,2893"
10/11/2013,"2,3093"
11/11/2013,"2,3278"
12/11/2013,"2,3304"
13/11/2013,"2,329"
14/11/2013,"2,3098"
15/11/2013,"2,314"
17/11/2013,"2,3159"
18/11/2013,"2,2604"
19/11/2013,"2,2688"
20/11/2013,"2,2687"
21/11/2013,"2,3021"
22/11/2013,"2,2757"
23/11/2013,"2,2738"
25/11/2013,"2,2808"
26/11/2013,"2,2938"
27/11/2013,"2,327"
28/11/2013,"2,3149"
29/11/2013,"2,3322"
30/11/2013,"2,3308"
01/12/2013,"2,3308"
02/12/2013,"2,3533"
03/12/2013,"2,373"
04/12/2013,"2,388"
05/12/2013,"2,3562"
06/12/2013,"2,3218"
07/12/2013,"2,3233"
08/12/2013,"2,3218"
09/12/2013,"2,317"
10/12/2013,"2,306"
11/12/2013,"2,3387"
12/12/2013,"2,332"
13/12/2013,"2,325"
14/12/2013,"2,3138"
15/12/2013,"2,325"
16/12/2013,"2,3229"
17/12/2013,"2,3146"
18/12/2013,"2,3289"
19/12/2013,"2,3538"
20/12/2013,"2,3827"
21/12/2013,"2,3827"
22/12/2013,"2,3827"
23/12/2013,"2,354"
24/12/2013,"2,3552"
25/12/2013,"2,3545"
26/12/2013,"2,3523"
27/12/2013,"2,3335"
28/12/2013,"2,3335"
29/12/2013,"2,3335"
30/12/2013,"2,3593"
31/12/2013,"2,3592"
01/01/2014,"2,3571"
02/01/2014,"2,3847"
03/01/2014,"2,3735"
04/01/2014,"2,3735"
05/01/2014,"2,3715"
06/01/2014,"2,3712"
07/01/2014,"2,3687"
08/01/2014,"2,3923"
09/01/2014,"2,388"
10/01/2014,"2,3535"
11/01/2014,"2,3535"
12/01/2014,"2,3535"
13/01/2014,"2,3568"
14/01/2014,"2,3516"
15/01/2014,"2,3555"
16/01/2014,"2,3606"
17/01/2014,"2,3376"
18/01/2014,"2,339"
19/01/2014,"2,3475"
20/01/2014,"2,3405"
21/01/2014,"2,3578"
22/01/2014,"2,3696"
23/01/2014,"2,3909"
24/01/2014,"2,3932"
25/01/2014,"2,4044"
26/01/2014,"2,3932"
27/01/2014,"2,4184"
28/01/2014,"2,4234"
29/01/2014,"2,4324"
30/01/2014,"2,4088"
31/01/2014,"2,4095"
01/02/2014,"2,4077"
02/02/2014,"2,4223"
03/02/2014,"2,4372"
04/02/2014,"2,4064"
05/02/2014,"2,3955"
06/02/2014,"2,3795"
07/02/2014,"2,3752"
08/02/2014,"2,3752"
09/02/2014,"2,3752"
10/02/2014,"2,4062"
11/02/2014,"2,4014"
12/02/2014,"2,417"
13/02/2014,"2,391"
14/02/2014,"2,3841"
15/02/2014,"2,3721"
16/02/2014,"2,3841"
17/02/2014,"2,3797"
18/02/2014,"2,3861"
19/02/2014,"2,389"
20/02/2014,"2,3696"
21/02/2014,"2,3406"
22/02/2014,"2,3406"
23/02/2014,"2,3406"
24/02/2014,"2,3363"
25/02/2014,"2,3388"
26/02/2014,"2,348"
27/02/2014,"2,319"
28/02/2014,"2,3334"
01/03/2014,"2,3334"
02/03/2014,"2,3334"
03/03/2014,"2,3411"
04/03/2014,"2,3381"
05/03/2014,"2,3195"
06/03/2014,"2,32"
07/03/2014,"2,3356"
08/03/2014,"2,3376"
09/03/2014,"2,3356"
10/03/2014,"2,3432"
11/03/2014,"2,3594"
12/03/2014,"2,3523"
13/03/2014,"2,3614"
14/03/2014,"2,3405"
15/03/2014,"2,3405"
16/03/2014,"2,3405"
17/03/2014,"2,3461"
18/03/2014,"2,3294"
19/03/2014,"2,3446"
20/03/2014,"2,3233"
21/03/2014,"2,3198"
22/03/2014,"2,3079"
23/03/2014,"2,3198"
24/03/2014,"2,3186"
25/03/2014,"2,3091"
26/03/2014,"2,2929"
27/03/2014,"2,2562"
28/03/2014,"2,2561"
29/03/2014,"2,2561"
31/03/2014,"2,2694"
01/04/2014,"2,258"
02/04/2014,"2,2641"
03/04/2014,"2,2766"
04/04/2014,"2,2335"
05/04/2014,"2,2308"
06/04/2014,"2,2607"
07/04/2014,"2,2163"
08/04/2014,"2,1988"
09/04/2014,"2,1833"
10/04/2014,"2,2038"
11/04/2014,"2,2139"
12/04/2014,"2,1898"
13/04/2014,"2,216"
14/04/2014,"2,2112"
15/04/2014,"2,2337"
16/04/2014,"2,2379"
17/04/2014,"2,2282"
18/04/2014,"2,2332"
19/04/2014,"2,2282"
20/04/2014,"2,2282"
21/04/2014,"2,2282"
22/04/2014,"2,2369"
23/04/2014,"2,2158"
24/04/2014,"2,2089"
25/04/2014,"2,2379"
27/04/2014,"2,2388"
28/04/2014,"2,2183"
29/04/2014,"2,2334"
30/04/2014,"2,228"
01/05/2014,"2,2305"
02/05/2014,"2,2168"
05/05/2014,"2,24"
06/05/2014,"2,2269"
07/05/2014,"2,214"
08/05/2014,"2,2132"
09/05/2014,"2,2075"
10/05/2014,"2,2075"
11/05/2014,"2,2075"
12/05/2014,"2,2099"
13/05/2014,"2,2116"
14/05/2014,"2,1975"
15/05/2014,"2,2157"
16/05/2014,"2,2103"
17/05/2014,"2,2"
19/05/2014,"2,2029"
20/05/2014,"2,2128"
21/05/2014,"2,205"
22/05/2014,"2,2129"
23/05/2014,"2,2203"
25/05/2014,"2,219"
26/05/2014,"2,2211"
27/05/2014,"2,2348"
28/05/2014,"2,2276"
29/05/2014,"2,2233"
30/05/2014,"2,2387"
02/06/2014,"2,2738"
03/06/2014,"2,2746"
04/06/2014,"2,2751"
05/06/2014,"2,2584"
06/06/2014,"2,2452"
07/06/2014,"2,2428"
08/06/2014,"2,2428"
09/06/2014,"2,2243"
10/06/2014,"2,2191"
11/06/2014,"2,23"
12/06/2014,"2,225"
13/06/2014,"2,2196"
14/06/2014,"2,2196"
15/06/2014,"2,2196"
16/06/2014,"2,2298"
17/06/2014,"2,2568"
18/06/2014,"2,2199"
19/06/2014,"2,2175"
20/06/2014,"2,2253"
21/06/2014,"2,2253"
23/06/2014,"2,213"
24/06/2014,"2,2196"
25/06/2014,"2,2047"
26/06/2014,"2,194"
27/06/2014,"2,1918"
30/06/2014,"2,2117"
01/07/2014,"2,2002"
02/07/2014,"2,2221"
03/07/2014,"2,2068"
04/07/2014,"2,2103"
05/07/2014,"2,2098"
07/07/2014,"2,2225"
08/07/2014,"2,2074"
09/07/2014,"2,2095"
10/07/2014,"2,2182"
11/07/2014,"2,2205"
12/07/2014,"2,2175"
13/07/2014,"2,2175"
14/07/2014,"2,2074"
15/07/2014,"2,2159"
16/07/2014,"2,2207"
17/07/2014,"2,2552"
18/07/2014,"2,2223"
19/07/2014,"2,2223"
20/07/2014,"2,2223"
21/07/2014,"2,218"
22/07/2014,"2,2104"
23/07/2014,"2,2159"
24/07/2014,"2,2173"
25/07/2014,"2,2221"
26/07/2014,"2,2221"
27/07/2014,"2,2221"
28/07/2014,"2,2193"
29/07/2014,"2,227"
30/07/2014,"2,2442"
31/07/2014,"2,2606"
01/08/2014,"2,2523"
02/08/2014,"2,2523"
03/08/2014,"2,2523"
04/08/2014,"2,256"
05/08/2014,"2,2783"
06/08/2014,"2,2706"
07/08/2014,"2,2939"
08/08/2014,"2,279"
10/08/2014,"2,279"
11/08/2014,"2,2705"
12/08/2014,"2,2749"
13/08/2014,"2,2765"
14/08/2014,"2,2636"
15/08/2014,"2,2564"
17/08/2014,"2,2564"
18/08/2014,"2,253"
19/08/2014,"2,2436"
20/08/2014,"2,2594"
21/08/2014,"2,2665"
22/08/2014,"2,2729"
23/08/2014,"2,2729"
24/08/2014,"2,2729"
25/08/2014,"2,2831"
26/08/2014,"2,2566"
27/08/2014,"2,2437"
28/08/2014,"2,2367"
29/08/2014,"2,2302"
31/08/2014,"2,2316"
01/09/2014,"2,243"
02/09/2014,"2,2378"
03/09/2014,"2,2341"
04/09/2014,"2,2391"
05/09/2014,"2,2237"
08/09/2014,"2,2651"
09/09/2014,"2,2832"
10/09/2014,"2,285"
11/09/2014,"2,2947"
12/09/2014,"2,3348"
13/09/2014,"2,2719"
15/09/2014,"2,3394"
16/09/2014,"2,3338"
17/09/2014,"2,3554"
18/09/2014,"2,3629"
19/09/2014,"2,353"
20/09/2014,"2,365"
22/09/2014,"2,3957"
23/09/2014,"2,4097"
24/09/2014,"2,3778"
25/09/2014,"2,4251"
26/09/2014,"2,4131"
27/09/2014,"2,4198"
28/09/2014,"2,4198"
29/09/2014,"2,4439"
30/09/2014,"2,4356"
01/10/2014,"2,4785"
02/10/2014,"2,4921"
03/10/2014,"2,4549"
04/10/2014,"2,4549"
06/10/2014,"2,4257"
07/10/2014,"2,3932"
08/10/2014,"2,3741"
09/10/2014,"2,395"
10/10/2014,"2,3858"
11/10/2014,"2,423"
12/10/2014,"2,386"
13/10/2014,"2,3905"
14/10/2014,"2,396"
15/10/2014,"2,4522"
16/10/2014,"2,4664"
17/10/2014,"2,4355"
18/10/2014,"2,4307"
19/10/2014,"2,4307"
20/10/2014,"2,4619"
21/10/2014,"2,4781"
22/10/2014,"2,4845"
23/10/2014,"2,4956"
24/10/2014,"2,4689"
25/10/2014,"2,4689"
27/10/2014,"2,5194"
28/10/2014,"2,4582"
29/10/2014,"2,4578"
30/10/2014,"2,4015"
31/10/2014,"2,4734"
01/11/2014,"2,4135"
02/11/2014,"2,4135"
03/11/2014,"2,4921"
04/11/2014,"2,4939"
05/11/2014,"2,5013"
06/11/2014,"2,5666"
07/11/2014,"2,5489"
10/11/2014,"2,5494"
11/11/2014,"2,5544"
12/11/2014,"2,5632"
13/11/2014,"2,5859"
14/11/2014,"2,5699"
15/11/2014,"2,5701"
16/11/2014,"2,5968"
17/11/2014,"2,6047"
18/11/2014,"2,5791"
19/11/2014,"2,5689"
20/11/2014,"2,5697"
21/11/2014,"2,512"
22/11/2014,"2,512"
24/11/2014,"2,5425"
25/11/2014,"2,5263"
26/11/2014,"2,4979"
27/11/2014,"2,5272"
28/11/2014,"2,5315"
01/12/2014,"2,557"
02/12/2014,"2,5651"
03/12/2014,"2,5491"
04/12/2014,"2,5882"
05/12/2014,"2,5861"
06/12/2014,"2,5861"
08/12/2014,"2,5966"
09/12/2014,"2,5897"
10/12/2014,"2,6131"
11/12/2014,"2,6467"
12/12/2014,"2,6516"
13/12/2014,"2,6496"
14/12/2014,"2,6496"
15/12/2014,"2,6921"
16/12/2014,"2,7352"
17/12/2014,"2,712"
18/12/2014,"2,6593"
19/12/2014,"2,6565"
22/12/2014,"2,6624"
23/12/2014,"2,6912"
24/12/2014,"2,6952"
25/12/2014,"2,6867"
26/12/2014,"2,6927"
29/12/2014,"2,6993"
30/12/2014,"2,6541"
31/12/2014,"2,6542"
01/01/2015,"2,6532"
02/01/2015,"2,6912"
05/01/2015,"2,7031"
06/01/2015,"2,6966"
07/01/2015,"2,6808"
08/01/2015,"2,6597"
09/01/2015,"2,6264"
12/01/2015,"2,6702"
13/01/2015,"2,6396"
14/01/2015,"2,6121"
15/01/2015,"2,6387"
16/01/2015,"2,6169"
19/01/2015,"2,6481"
20/01/2015,"2,611"
21/01/2015,"2,5971"
22/01/2015,"2,5707"
23/01/2015,"2,5778"
26/01/2015,"2,5799"
27/01/2015,"2,5693"
28/01/2015,"2,5731"
29/01/2015,"2,6002"
30/01/2015,"2,6792"
31/01/2015,"2,6788"
02/02/2015,"2,7236"
03/02/2015,"2,6911"
04/02/2015,"2,7383"
05/02/2015,"2,7416"
06/02/2015,"2,7796"
09/02/2015,"2,7663"
10/02/2015,"2,8311"
11/02/2015,"2,8655"
12/02/2015,"2,817"
13/02/2015,"2,8309"
15/02/2015,"2,8309"
16/02/2015,"2,826"
17/02/2015,"2,8257"
18/02/2015,"2,834"
19/02/2015,"2,8633"
20/02/2015,"2,8641"
23/02/2015,"2,8747"
24/02/2015,"2,857"
25/02/2015,"2,8688"
26/02/2015,"2,905"
27/02/2015,"2,8368"
02/03/2015,"2,8927"
03/03/2015,"2,9279"
04/03/2015,"2,9714"
05/03/2015,"3,0001"
06/03/2015,"3,057"
09/03/2015,"3,1227"
10/03/2015,"3,1016"
11/03/2015,"3,1269"
12/03/2015,"3,1631"
13/03/2015,"3,2432"
14/03/2015,"3,245"
16/03/2015,"3,2428"
17/03/2015,"3,2462"
18/03/2015,"3,2181"
19/03/2015,"3,2904"
20/03/2015,"3,2246"
23/03/2015,"3,1283"
24/03/2015,"3,1362"
25/03/2015,"3,1973"
26/03/2015,"3,1795"
27/03/2015,"3,2412"
30/03/2015,"3,226"
31/03/2015,"3,1885"
01/04/2015,"3,1643"
02/04/2015,"3,1222"
03/04/2015,"3,1216"
06/04/2015,"3,1216"
07/04/2015,"3,1251"
08/04/2015,"3,0461"
09/04/2015,"3,0553"
10/04/2015,"3,0718"
13/04/2015,"3,1192"
14/04/2015,"3,0646"
15/04/2015,"3,0259"
16/04/2015,"3,0186"
17/04/2015,"3,0356"
19/04/2015,"3,0367"
20/04/2015,"3,0294"
21/04/2015,"3,026"
22/04/2015,"3,0052"
23/04/2015,"2,9685"
24/04/2015,"2,9468"
26/04/2015,"2,9483"
27/04/2015,"2,9131"
28/04/2015,"2,9348"
29/04/2015,"2,9527"
30/04/2015,"3,0111"
01/05/2015,"3,0111"
04/05/2015,"3,083"
05/05/2015,"3,0531"
06/05/2015,"3,0287"
07/05/2015,"3,0213"
08/05/2015,"2,9712"
11/05/2015,"3,0564"
12/05/2015,"3,0175"
13/05/2015,"3,0365"
14/05/2015,"2,9899"
15/05/2015,"2,9914"
18/05/2015,"3,0058"
19/05/2015,"3,0316"
20/05/2015,"3,0017"
21/05/2015,"3,0367"
22/05/2015,"3,089"
25/05/2015,"3,0932"
26/05/2015,"3,148"
27/05/2015,"3,1379"
28/05/2015,"3,1584"
29/05/2015,"3,1733"
01/06/2015,"3,1695"
02/06/2015,"3,1286"
03/06/2015,"3,1332"
04/06/2015,"3,1402"
05/06/2015,"3,1396"
08/06/2015,"3,1099"
09/06/2015,"3,0955"
10/06/2015,"3,114"
11/06/2015,"3,0871"
12/06/2015,"3,1168"
15/06/2015,"3,1235"
16/06/2015,"3,0869"
17/06/2015,"3,0504"
18/06/2015,"3,0578"
19/06/2015,"3,0932"
22/06/2015,"3,0844"
23/06/2015,"3,0738"
24/06/2015,"3,0949"
25/06/2015,"3,1244"
26/06/2015,"3,1256"
29/06/2015,"3,115"
30/06/2015,"3,108"
01/07/2015,"3,1455"
02/07/2015,"3,094"
03/07/2015,"3,1292"
06/07/2015,"3,1351"
07/07/2015,"3,1787"
08/07/2015,"3,2317"
09/07/2015,"3,2211"
10/07/2015,"3,1556"
13/07/2015,"3,1312"
14/07/2015,"3,1365"
15/07/2015,"3,1356"
16/07/2015,"3,1506"
17/07/2015,"3,188"
19/07/2015,"3,1852"
20/07/2015,"3,1945"
21/07/2015,"3,1719"
22/07/2015,"3,2198"
23/07/2015,"3,2842"
24/07/2015,"3,356"
27/07/2015,"3,3617"
28/07/2015,"3,3545"
29/07/2015,"3,3239"
30/07/2015,"3,3708"
31/07/2015,"3,4194"
03/08/2015,"3,4488"
04/08/2015,"3,4663"
05/08/2015,"3,4838"
06/08/2015,"3,5316"
07/08/2015,"3,507"
10/08/2015,"3,4357"
11/08/2015,"3,471"
12/08/2015,"3,4751"
13/08/2015,"3,5193"
14/08/2015,"3,479"
17/08/2015,"3,4766"
18/08/2015,"3,4649"
19/08/2015,"3,4883"
20/08/2015,"3,4578"
21/08/2015,"3,498"
24/08/2015,"3,5481"
25/08/2015,"3,6115"
26/08/2015,"3,5941"
27/08/2015,"3,5502"
28/08/2015,"3,5787"
31/08/2015,"3,6192"
01/09/2015,"3,6925"
02/09/2015,"3,7539"
03/09/2015,"3,735"
04/09/2015,"3,8397"
07/09/2015,"3,835"
08/09/2015,"3,8159"
09/09/2015,"3,7787"
10/09/2015,"3,8481"
11/09/2015,"3,8682"
14/09/2015,"3,8107"
15/09/2015,"3,8597"
16/09/2015,"3,8286"
17/09/2015,"3,8914"
18/09/2015,"3,939"
21/09/2015,"3,9814"
22/09/2015,"4,0477"
23/09/2015,"4,1751"
24/09/2015,"3,933"
25/09/2015,"3,9676"
28/09/2015,"4,1037"
29/09/2015,"4,0544"
30/09/2015,"3,9457"
01/10/2015,"3,9988"
02/10/2015,"3,9275"
05/10/2015,"3,9099"
06/10/2015,"3,849"
07/10/2015,"3,8803"
08/10/2015,"3,7819"
09/10/2015,"3,761"
11/10/2015,"3,7591"
12/10/2015,"3,7605"
13/10/2015,"3,8888"
14/10/2015,"3,8071"
15/10/2015,"3,7925"
16/10/2015,"3,9207"
19/10/2015,"3,8878"
20/10/2015,"3,9023"
21/10/2015,"3,9367"
22/10/2015,"3,9023"
23/10/2015,"3,8756"
26/10/2015,"3,9039"
27/10/2015,"3,8834"
28/10/2015,"3,8972"
29/10/2015,"3,8447"
30/10/2015,"3,8514"
02/11/2015,"3,8702"
03/11/2015,"3,7671"
04/11/2015,"3,7956"
05/11/2015,"3,7801"
06/11/2015,"3,7663"
09/11/2015,"3,7991"
10/11/2015,"3,7454"
11/11/2015,"3,7629"
12/11/2015,"3,7669"
13/11/2015,"3,8406"
16/11/2015,"3,8256"
17/11/2015,"3,8083"
18/11/2015,"3,7671"
19/11/2015,"3,7612"
20/11/2015,"3,6996"
23/11/2015,"3,7289"
24/11/2015,"3,6962"
25/11/2015,"3,7394"
26/11/2015,"3,7384"
27/11/2015,"3,8436"
30/11/2015,"3,8666"
01/12/2015,"3,8506"
02/12/2015,"3,8323"
03/12/2015,"3,7559"
04/12/2015,"3,7462"
07/12/2015,"3,7595"
08/12/2015,"3,8145"
09/12/2015,"3,7427"
10/12/2015,"3,8078"
11/12/2015,"3,8127"
14/12/2015,"3,8844"
15/12/2015,"3,9059"
16/12/2015,"3,8929"
17/12/2015,"3,8763"
18/12/2015,"3,9784"
21/12/2015,"4,0114"
22/12/2015,"3,9852"
23/12/2015,"3,941"
24/12/2015,"3,913"
25/12/2015,"3,9082"
28/12/2015,"3,8551"
29/12/2015,"3,8641"
30/12/2015,"3,9567"
31/12/2015,"3,95"
01/01/2016,"3,9491"
04/01/2016,"4,0373"
05/01/2016,"4,0269"
06/01/2016,"4,0199"
07/01/2016,"4,0415"
08/01/2016,"3,9932"
11/01/2016,"4,0504"
12/01/2016,"4,0252"
13/01/2016,"4,0141"
14/01/2016,"4,0059"
15/01/2016,"4,0043"
18/01/2016,"4,0523"
19/01/2016,"4,0584"
20/01/2016,"4,1014"
21/01/2016,"4,1535"
22/01/2016,"4,1124"
23/01/2016,"4,0895"
25/01/2016,"4,0879"
26/01/2016,"4,0669"
27/01/2016,"4,1049"
28/01/2016,"4,067"
29/01/2016,"3,9971"
01/02/2016,"3,9597"
02/02/2016,"3,9853"
03/02/2016,"3,8923"
04/02/2016,"3,8862"
05/02/2016,"3,8996"
06/02/2016,"3,8985"
08/02/2016,"3,8916"
09/02/2016,"3,8815"
10/02/2016,"3,9263"
11/02/2016,"3,9875"
12/02/2016,"3,9682"
14/02/2016,"3,9682"
15/02/2016,"3,995"
16/02/2016,"4,0625"
17/02/2016,"3,9809"
18/02/2016,"4,0246"
19/02/2016,"4,0076"
20/02/2016,"4,0164"
22/02/2016,"3,9428"
23/02/2016,"3,9535"
24/02/2016,"3,9544"
25/02/2016,"3,9519"
26/02/2016,"3,9647"
29/02/2016,"4,0129"
01/03/2016,"3,922"
02/03/2016,"3,8893"
03/03/2016,"3,7961"
04/03/2016,"3,7688"
07/03/2016,"3,7811"
08/03/2016,"3,7527"
09/03/2016,"3,6769"
10/03/2016,"3,614"
11/03/2016,"3,5717"
14/03/2016,"3,655"
15/03/2016,"3,7623"
16/03/2016,"3,7366"
17/03/2016,"3,6206"
18/03/2016,"3,6211"
19/03/2016,"3,6211"
21/03/2016,"3,6126"
22/03/2016,"3,5778"
23/03/2016,"3,6801"
24/03/2016,"3,6772"
25/03/2016,"3,6835"
28/03/2016,"3,6772"
29/03/2016,"3,6349"
30/03/2016,"3,5961"
31/03/2016,"3,5865"
01/04/2016,"3,5508"
02/04/2016,"3,5508"
03/04/2016,"3,5486"
04/04/2016,"3,6172"
05/04/2016,"3,6737"
06/04/2016,"3,6364"
07/04/2016,"3,6826"
08/04/2016,"3,5862"
09/04/2016,"3,5862"
10/04/2016,"3,5862"
11/04/2016,"3,4885"
12/04/2016,"3,4825"
13/04/2016,"3,4935"
14/04/2016,"3,4725"
15/04/2016,"3,5281"
16/04/2016,"3,531"
18/04/2016,"3,6099"
19/04/2016,"3,5253"
20/04/2016,"3,5244"
21/04/2016,"3,5244"
22/04/2016,"3,5623"
25/04/2016,"3,5504"
26/04/2016,"3,5202"
27/04/2016,"3,5215"
28/04/2016,"3,4797"
29/04/2016,"3,4328"
30/04/2016,"3,4328"
02/05/2016,"3,4965"
03/05/2016,"3,5549"
04/05/2016,"3,5454"
05/05/2016,"3,5331"
06/05/2016,"3,499"
09/05/2016,"3,513"
10/05/2016,"3,4704"
11/05/2016,"3,447"
12/05/2016,"3,4771"
13/05/2016,"3,5302"
16/05/2016,"3,4945"
17/05/2016,"3,4861"
18/05/2016,"3,5585"
19/05/2016,"3,5609"
20/05/2016,"3,5573"
22/05/2016,"3,5573"
23/05/2016,"3,5665"
24/05/2016,"3,5673"
25/05/2016,"3,5769"
26/05/2016,"3,5827"
27/05/2016,"3,6089"
29/05/2016,"3,6089"
30/05/2016,"3,5674"
31/05/2016,"3,5832"
01/06/2016,"3,591"
02/06/2016,"3,5801"
03/06/2016,"3,5245"
06/06/2016,"3,4845"
07/06/2016,"3,4349"
08/06/2016,"3,3575"
09/06/2016,"3,3959"
10/06/2016,"3,4158"
13/06/2016,"3,4773"
14/06/2016,"3,4751"
15/06/2016,"3,4693"
16/06/2016,"3,4612"
17/06/2016,"3,4128"
19/06/2016,"3,4128"
20/06/2016,"3,3917"
21/06/2016,"3,4121"
22/06/2016,"3,3743"
23/06/2016,"3,337"
24/06/2016,"3,3677"
27/06/2016,"3,3893"
28/06/2016,"3,3025"
29/06/2016,"3,2376"
30/06/2016,"3,2059"
01/07/2016,"3,2332"
02/07/2016,"3,2306"
04/07/2016,"3,2885"
05/07/2016,"3,2991"
06/07/2016,"3,327"
07/07/2016,"3,3611"
08/07/2016,"3,2952"
09/07/2016,"3,2977"
11/07/2016,"3,3072"
12/07/2016,"3,2935"
13/07/2016,"3,2616"
14/07/2016,"3,2484"
15/07/2016,"3,2591"
16/07/2016,"3,2766"
18/07/2016,"3,2494"
19/07/2016,"3,2479"
20/07/2016,"3,2527"
21/07/2016,"3,2686"
22/07/2016,"3,2515"
25/07/2016,"3,2821"
26/07/2016,"3,27"
27/07/2016,"3,2586"
28/07/2016,"3,2819"
29/07/2016,"3,2468"
30/07/2016,"3,2462"
01/08/2016,"3,2584"
02/08/2016,"3,2528"
03/08/2016,"3,2346"
04/08/2016,"3,1869"
05/08/2016,"3,1607"
08/08/2016,"3,1686"
09/08/2016,"3,1429"
10/08/2016,"3,1247"
11/08/2016,"3,139"
12/08/2016,"3,1884"
14/08/2016,"3,1905"
15/08/2016,"3,1848"
16/08/2016,"3,2012"
17/08/2016,"3,2048"
18/08/2016,"3,2379"
19/08/2016,"3,2055"
21/08/2016,"3,2045"
22/08/2016,"3,1987"
23/08/2016,"3,2355"
24/08/2016,"3,2233"
25/08/2016,"3,2283"
26/08/2016,"3,2612"
27/08/2016,"3,2596"
28/08/2016,"3,2641"
29/08/2016,"3,2276"
30/08/2016,"3,2368"
31/08/2016,"3,226"
01/09/2016,"3,2532"
02/09/2016,"3,2531"
03/09/2016,"3,2561"
04/09/2016,"3,2561"
05/09/2016,"3,2672"
06/09/2016,"3,1963"
07/09/2016,"3,1907"
08/09/2016,"3,2149"
09/09/2016,"3,253"
10/09/2016,"3,2717"
11/09/2016,"3,2717"
12/09/2016,"3,2469"
13/09/2016,"3,3141"
14/09/2016,"3,3435"
15/09/2016,"3,2998"
16/09/2016,"3,2603"
17/09/2016,"3,2584"
18/09/2016,"3,2655"
19/09/2016,"3,2712"
20/09/2016,"3,2561"
21/09/2016,"3,2096"
22/09/2016,"3,217"
23/09/2016,"3,2401"
24/09/2016,"3,2432"
25/09/2016,"3,2432"
26/09/2016,"3,2406"
27/09/2016,"3,2326"
28/09/2016,"3,2178"
29/09/2016,"3,2593"
30/09/2016,"3,2595"
01/10/2016,"3,2596"
02/10/2016,"3,2598"
03/10/2016,"3,2087"
04/10/2016,"3,2545"
05/10/2016,"3,2185"
06/10/2016,"3,2272"
07/10/2016,"3,2178"
09/10/2016,"3,2193"
10/10/2016,"3,2027"
11/10/2016,"3,1959"
12/10/2016,"3,2007"
13/10/2016,"3,1773"
14/10/2016,"3,2026"
15/10/2016,"3,202"
16/10/2016,"3,202"
17/10/2016,"3,2042"
18/10/2016,"3,1817"
19/10/2016,"3,1661"
20/10/2016,"3,1391"
21/10/2016,"3,1469"
22/10/2016,"3,1489"
23/10/2016,"3,1489"
24/10/2016,"3,1245"
25/10/2016,"3,1104"
26/10/2016,"3,1388"
27/10/2016,"3,1653"
28/10/2016,"3,2029"
29/10/2016,"3,2031"
30/10/2016,"3,2031"
31/10/2016,"3,1982"
01/11/2016,"3,2351"
02/11/2016,"3,2526"
03/11/2016,"3,2584"
04/11/2016,"3,2321"
05/11/2016,"3,2323"
06/11/2016,"3,2323"
07/11/2016,"3,2009"
08/11/2016,"3,1681"
09/11/2016,"3,233"
10/11/2016,"3,3956"
11/11/2016,"3,3873"
12/11/2016,"3,3865"
13/11/2016,"3,39"
14/11/2016,"3,4403"
15/11/2016,"3,4417"
16/11/2016,"3,4507"
17/11/2016,"3,4324"
18/11/2016,"3,38"
19/11/2016,"3,38"
20/11/2016,"3,3823"
21/11/2016,"3,3874"
22/11/2016,"3,3636"
23/11/2016,"3,4311"
24/11/2016,"3,3907"
25/11/2016,"3,421"
26/11/2016,"3,4173"
27/11/2016,"3,421"
28/11/2016,"3,4072"
29/11/2016,"3,4538"
30/11/2016,"3,4063"
01/12/2016,"3,573"
02/12/2016,"3,4724"
04/12/2016,"3,4747"
05/12/2016,"3,42"
06/12/2016,"3,4063"
07/12/2016,"3,3816"
08/12/2016,"3,3737"
09/12/2016,"3,3765"
10/12/2016,"3,3735"
11/12/2016,"3,377"
12/12/2016,"3,3373"
13/12/2016,"3,3342"
14/12/2016,"3,369"
15/12/2016,"3,3657"
16/12/2016,"3,3904"
17/12/2016,"3,3904"
18/12/2016,"3,3904"
19/12/2016,"3,3639"
20/12/2016,"3,3531"
21/12/2016,"3,3254"
22/12/2016,"3,2863"
23/12/2016,"3,266"
24/12/2016,"3,2695"
25/12/2016,"3,2695"
26/12/2016,"3,2696"
27/12/2016,"3,2694"
28/12/2016,"3,2825"
29/12/2016,"3,2523"
30/12/2016,"3,2497"
31/12/2016,"3,2532"
01/01/2017,"3,2532"
02/01/2017,"3,284"
03/01/2017,"3,2635"
04/01/2017,"3,2141"
05/01/2017,"3,1977"
06/01/2017,"3,2199"
07/01/2017,"3,2222"
08/01/2017,"3,2222"
09/01/2017,"3,1955"
10/01/2017,"3,1945"
11/01/2017,"3,1963"
12/01/2017,"3,1868"
13/01/2017,"3,2163"
14/01/2017,"3,2198"
15/01/2017,"3,1868"
16/01/2017,"3,2405"
17/01/2017,"3,2098"
18/01/2017,"3,2296"
19/01/2017,"3,1949"
20/01/2017,"3,164"
21/01/2017,"3,1675"
22/01/2017,"3,1423"
23/01/2017,"3,1617"
24/01/2017,"3,1687"
25/01/2017,"3,1685"
26/01/2017,"3,1761"
27/01/2017,"3,136"
28/01/2017,"3,136"
29/01/2017,"3,1096"
30/01/2017,"3,1255"
31/01/2017,"3,1501"
01/02/2017,"3,128"
02/02/2017,"3,1225"
03/02/2017,"3,1138"
04/02/2017,"3,1127"
05/02/2017,"3,1195"
06/02/2017,"3,1137"
07/02/2017,"3,1167"
08/02/2017,"3,1159"
09/02/2017,"3,1288"
10/02/2017,"3,1108"
11/02/2017,"3,0959"
12/02/2017,"3,1071"
13/02/2017,"3,1101"
14/02/2017,"3,0812"
15/02/2017,"3,0561"
16/02/2017,"3,0875"
17/02/2017,"3,0998"
18/02/2017,"3,0998"
19/02/2017,"3,0955"
20/02/2017,"3,0855"
21/02/2017,"3,0939"
22/02/2017,"3,0623"
23/02/2017,"3,0603"
24/02/2017,"3,1095"
25/02/2017,"3,1095"
26/02/2017,"3,0946"
27/02/2017,"3,1053"
28/02/2017,"3,108"
01/03/2017,"3,0882"
02/03/2017,"3,1546"
03/03/2017,"3,1146"
04/03/2017,"3,1123"
05/03/2017,"3,12"
06/03/2017,"3,1372"
07/03/2017,"3,1159"
08/03/2017,"3,1593"
09/03/2017,"3,1913"
10/03/2017,"3,1346"
12/03/2017,"3,1475"
13/03/2017,"3,1524"
14/03/2017,"3,1637"
15/03/2017,"3,0999"
16/03/2017,"3,1193"
17/03/2017,"3,0896"
18/03/2017,"3,0903"
19/03/2017,"3,0866"
20/03/2017,"3,071"
21/03/2017,"3,0868"
22/03/2017,"3,0848"
23/03/2017,"3,1381"
24/03/2017,"3,1043"
25/03/2017,"3,1065"
26/03/2017,"3,1097"
27/03/2017,"3,1252"
28/03/2017,"3,1384"
29/03/2017,"3,1221"
30/03/2017,"3,1477"
31/03/2017,"3,1179"
02/04/2017,"3,1218"
03/04/2017,"3,113"
04/04/2017,"3,0956"
05/04/2017,"3,1196"
06/04/2017,"3,1415"
07/04/2017,"3,1446"
08/04/2017,"3,1421"
09/04/2017,"3,1447"
10/04/2017,"3,1318"
11/04/2017,"3,1368"
12/04/2017,"3,1235"
13/04/2017,"3,1424"
14/04/2017,"3,1407"
15/04/2017,"3,1431"
16/04/2017,"3,1437"
17/04/2017,"3,1303"
18/04/2017,"3,1065"
19/04/2017,"3,1483"
20/04/2017,"3,1471"
21/04/2017,"3,1441"
23/04/2017,"3,1468"
24/04/2017,"3,127"
25/04/2017,"3,1472"
26/04/2017,"3,1711"
27/04/2017,"3,1811"
28/04/2017,"3,1724"
29/04/2017,"3,1724"
30/04/2017,"3,1761"
01/05/2017,"3,1751"
02/05/2017,"3,1502"
03/05/2017,"3,1621"
04/05/2017,"3,1849"
05/05/2017,"3,1737"
07/05/2017,"3,1777"
08/05/2017,"3,1964"
09/05/2017,"3,1868"
10/05/2017,"3,1657"
11/05/2017,"3,139"
12/05/2017,"3,1016"
14/05/2017,"3,1777"
15/05/2017,"3,1082"
16/05/2017,"3,0958"
17/05/2017,"3,1334"
18/05/2017,"3,369"
19/05/2017,"3,2524"
20/05/2017,"3,2524"
21/05/2017,"3,2533"
22/05/2017,"3,2654"
23/05/2017,"3,2686"
24/05/2017,"3,2742"
25/05/2017,"3,2735"
26/05/2017,"3,2546"
27/05/2017,"3,2589"
28/05/2017,"3,1777"
29/05/2017,"3,2554"
30/05/2017,"3,2562"
31/05/2017,"3,2251"
01/06/2017,"3,249"
02/06/2017,"3,2434"
03/06/2017,"3,2472"
04/06/2017,"3,2492"
05/06/2017,"3,2961"
06/06/2017,"3,276"
07/06/2017,"3,2673"
08/06/2017,"3,2596"
09/06/2017,"3,2934"
10/06/2017,"3,2943"
11/06/2017,"3,1777"
12/06/2017,"3,3167"
13/06/2017,"3,3144"
14/06/2017,"3,2726"
15/06/2017,"3,2736"
16/06/2017,"3,2914"
17/06/2017,"3,2901"
18/06/2017,"3,2886"
19/06/2017,"3,2811"
20/06/2017,"3,3255"
21/06/2017,"3,3334"
22/06/2017,"3,3397"
23/06/2017,"3,311"
24/06/2017,"3,311"
25/06/2017,"3,3415"
26/06/2017,"3,2948"
27/06/2017,"3,312"
28/06/2017,"3,2795"
29/06/2017,"3,3027"
30/06/2017,"3,2761"
01/07/2017,"3,3014"
02/07/2017,"3,1777"
03/07/2017,"3,3005"
04/07/2017,"3,3092"
05/07/2017,"3,287"
06/07/2017,"3,2973"
07/07/2017,"3,2788"
08/07/2017,"3,2764"
09/07/2017,"3,1777"
10/07/2017,"3,2537"
11/07/2017,"3,2531"
12/07/2017,"3,2068"
13/07/2017,"3,21"
14/07/2017,"3,178"
16/07/2017,"3,1777"
17/07/2017,"3,1812"
18/07/2017,"3,1527"
19/07/2017,"3,1477"
20/07/2017,"3,1184"
21/07/2017,"3,136"
22/07/2017,"3,1402"
23/07/2017,"3,1777"
24/07/2017,"3,1444"
25/07/2017,"3,1712"
26/07/2017,"3,1375"
27/07/2017,"3,1526"
28/07/2017,"3,1269"
29/07/2017,"3,1311"
30/07/2017,"3,1777"
31/07/2017,"3,1258"
01/08/2017,"3,1228"
02/08/2017,"3,1122"
03/08/2017,"3,1115"
04/08/2017,"3,1175"
06/08/2017,"3,1293"
07/08/2017,"3,1242"
08/08/2017,"3,1259"
09/08/2017,"3,1523"
10/08/2017,"3,1736"
11/08/2017,"3,1888"
12/08/2017,"3,191"
13/08/2017,"3,1777"
14/08/2017,"3,1872"
15/08/2017,"3,1676"
16/08/2017,"3,1514"
17/08/2017,"3,1733"
18/08/2017,"3,1414"
19/08/2017,"3,1453"
20/08/2017,"3,1777"
21/08/2017,"3,163"
22/08/2017,"3,1605"
23/08/2017,"3,1393"
24/08/2017,"3,1465"
25/08/2017,"3,1561"
26/08/2017,"3,1571"
27/08/2017,"3,1587"
28/08/2017,"3,1658"
29/08/2017,"3,1642"
30/08/2017,"3,1588"
31/08/2017,"3,146"
01/09/2017,"3,1358"
02/09/2017,"3,1405"
03/09/2017,"3,1777"
04/09/2017,"3,1394"
05/09/2017,"3,1158"
06/09/2017,"3,0979"
07/09/2017,"3,0976"
08/09/2017,"3,0829"
09/09/2017,"3,0853"
10/09/2017,"3,1777"
11/09/2017,"3,0997"
12/09/2017,"3,1219"
13/09/2017,"3,1316"
14/09/2017,"3,1181"
15/09/2017,"3,1062"
17/09/2017,"3,1097"
18/09/2017,"3,1349"
19/09/2017,"3,1328"
20/09/2017,"3,1306"
21/09/2017,"3,1345"
22/09/2017,"3,1172"
24/09/2017,"3,1235"
25/09/2017,"3,1573"
26/09/2017,"3,1639"
27/09/2017,"3,1919"
28/09/2017,"3,1809"
29/09/2017,"3,1587"
01/10/2017,"3,1634"
02/10/2017,"3,1529"
03/10/2017,"3,1408"
04/10/2017,"3,1332"
05/10/2017,"3,1524"
06/10/2017,"3,1516"
07/10/2017,"3,1257"
08/10/2017,"3,1555"
09/10/2017,"3,1868"
10/10/2017,"3,1778"
11/10/2017,"3,1697"
12/10/2017,"3,169"
13/10/2017,"3,1408"
14/10/2017,"3,1435"
15/10/2017,"3,1462"
16/10/2017,"3,1703"
17/10/2017,"3,1561"
18/10/2017,"3,1701"
19/10/2017,"3,1649"
20/10/2017,"3,1876"
21/10/2017,"3,1922"
22/10/2017,"3,1909"
23/10/2017,"3,2344"
24/10/2017,"3,2426"
25/10/2017,"3,2312"
26/10/2017,"3,2865"
27/10/2017,"3,2313"
29/10/2017,"3,2348"
30/10/2017,"3,2873"
31/10/2017,"3,2696"
01/11/2017,"3,2662"
02/11/2017,"3,2646"
03/11/2017,"3,3094"
04/11/2017,"3,3129"
05/11/2017,"3,2926"
06/11/2017,"3,2479"
07/11/2017,"3,2701"
08/11/2017,"3,2513"
09/11/2017,"3,2487"
10/11/2017,"3,2729"
11/11/2017,"3,2729"
12/11/2017,"3,2764"
13/11/2017,"3,2759"
14/11/2017,"3,3119"
15/11/2017,"3,31"
16/11/2017,"3,2706"
17/11/2017,"3,2524"
18/11/2017,"3,2524"
19/11/2017,"3,2545"
20/11/2017,"3,254"
21/11/2017,"3,2573"
22/11/2017,"3,2229"
23/11/2017,"3,2203"
24/11/2017,"3,228"
25/11/2017,"3,2315"
26/11/2017,"3,2329"
27/11/2017,"3,2264"
28/11/2017,"3,2097"
29/11/2017,"3,2448"
30/11/2017,"3,2712"
01/12/2017,"3,2531"
02/12/2017,"3,253"
03/12/2017,"3,2574"
04/12/2017,"3,2426"
05/12/2017,"3,2403"
06/12/2017,"3,2343"
07/12/2017,"3,2872"
08/12/2017,"3,2859"
09/12/2017,"3,2878"
10/12/2017,"3,2878"
11/12/2017,"3,3033"
12/12/2017,"3,3031"
13/12/2017,"3,3086"
14/12/2017,"3,3404"
15/12/2017,"3,2897"
17/12/2017,"3,292"
18/12/2017,"3,2905"
19/12/2017,"3,2885"
20/12/2017,"3,2965"
21/12/2017,"3,3068"
22/12/2017,"3,332"
23/12/2017,"3,3355"
24/12/2017,"3,338"
25/12/2017,"3,3355"
26/12/2017,"3,3097"
27/12/2017,"3,3133"
28/12/2017,"3,3111"
29/12/2017,"3,3075"
30/12/2017,"3,311"
31/12/2017,"3,3076"
01/01/2018,"3,311"
02/01/2018,"3,2578"
03/01/2018,"3,2355"
04/01/2018,"3,2331"
05/01/2018,"3,2259"
07/01/2018,"3,2266"
08/01/2018,"3,239"
09/01/2018,"3,2468"
10/01/2018,"3,2264"
11/01/2018,"3,2142"
12/01/2018,"3,1989"
13/01/2018,"3,2007"
14/01/2018,"3,2007"
15/01/2018,"3,2132"
16/01/2018,"3,2227"
17/01/2018,"3,2222"
18/01/2018,"3,2051"
19/01/2018,"3,1912"
20/01/2018,"3,1912"
21/01/2018,"3,1947"
22/01/2018,"3,2007"
23/01/2018,"3,2355"
24/01/2018,"3,1451"
25/01/2018,"3,1469"
26/01/2018,"3,1509"
28/01/2018,"3,151"
29/01/2018,"3,1536"
30/01/2018,"3,1795"
31/01/2018,"3,1847"
01/02/2018,"3,1637"
02/02/2018,"3,2169"
03/02/2018,"3,2169"
04/02/2018,"3,2154"
05/02/2018,"3,2611"
06/02/2018,"3,2334"
07/02/2018,"3,2699"
08/02/2018,"3,2846"
09/02/2018,"3,2928"
10/02/2018,"3,2928"
11/02/2018,"3,2908"
12/02/2018,"3,294"
13/02/2018,"3,2942"
14/02/2018,"3,2162"
15/02/2018,"3,2264"
16/02/2018,"3,2298"
17/02/2018,"3,2298"
18/02/2018,"3,2282"
19/02/2018,"3,2331"
20/02/2018,"3,2543"
21/02/2018,"3,2676"
22/02/2018,"3,2487"
23/02/2018,"3,2366"
24/02/2018,"3,2329"
25/02/2018,"3,2372"
26/02/2018,"3,2225"
27/02/2018,"3,2485"
28/02/2018,"3,2448"
01/03/2018,"3,25"
02/03/2018,"3,2505"
03/03/2018,"3,2505"
04/03/2018,"3,2496"
05/03/2018,"3,241"
06/03/2018,"3,208"
07/03/2018,"3,2429"
08/03/2018,"3,2661"
09/03/2018,"3,2573"
11/03/2018,"3,2561"
12/03/2018,"3,2603"
13/03/2018,"3,2587"
14/03/2018,"3,2585"
15/03/2018,"3,2821"
16/03/2018,"3,279"
18/03/2018,"3,2801"
19/03/2018,"3,2841"
20/03/2018,"3,3087"
21/03/2018,"3,2727"
22/03/2018,"3,3141"
23/03/2018,"3,3105"
24/03/2018,"3,3105"
25/03/2018,"3,3145"
26/03/2018,"3,3103"
27/03/2018,"3,3229"
28/03/2018,"3,3193"
29/03/2018,"3,3035"
30/03/2018,"3,3036"
31/03/2018,"3,3036"
01/04/2018,"3,302"
02/04/2018,"3,3094"
03/04/2018,"3,3394"
04/04/2018,"3,3277"
05/04/2018,"3,3416"
06/04/2018,"3,3678"
07/04/2018,"3,3665"
08/04/2018,"3,3675"
09/04/2018,"3,421"
10/04/2018,"3,4073"
11/04/2018,"3,3731"
12/04/2018,"3,411"
13/04/2018,"3,4212"
15/04/2018,"3,4243"
16/04/2018,"3,4161"
17/04/2018,"3,4058"
18/04/2018,"3,3771"
19/04/2018,"3,3827"
20/04/2018,"3,4114"
21/04/2018,"3,4103"
22/04/2018,"3,4137"
23/04/2018,"3,4489"
24/04/2018,"3,4715"
25/04/2018,"3,4809"
26/04/2018,"3,4742"
27/04/2018,"3,4559"
29/04/2018,"3,4581"
30/04/2018,"3,5058"
01/05/2018,"3,5061"
02/05/2018,"3,5496"
03/05/2018,"3,5266"
04/05/2018,"3,5284"
05/05/2018,"3,5046"
06/05/2018,"3,5255"
07/05/2018,"3,5492"
08/05/2018,"3,5619"
09/05/2018,"3,5903"
10/05/2018,"3,5495"
11/05/2018,"3,5977"
12/05/2018,"3,5995"
13/05/2018,"3,6029"
14/05/2018,"3,6216"
15/05/2018,"3,6487"
16/05/2018,"3,6744"
17/05/2018,"3,6951"
18/05/2018,"3,7365"
19/05/2018,"3,736"
20/05/2018,"3,7384"
21/05/2018,"3,6757"
22/05/2018,"3,646"
23/05/2018,"3,6256"
24/05/2018,"3,6481"
25/05/2018,"3,6524"
26/05/2018,"3,6731"
27/05/2018,"3,6262"
28/05/2018,"3,7342"
29/05/2018,"3,7241"
30/05/2018,"3,7221"
31/05/2018,"3,722"
01/06/2018,"3,7643"
02/06/2018,"3,7587"
03/06/2018,"3,7616"
04/06/2018,"3,7445"
05/06/2018,"3,8043"
06/06/2018,"3,8434"
07/06/2018,"3,9007"
08/06/2018,"3,7074"
09/06/2018,"3,7035"
10/06/2018,"3,7049"
11/06/2018,"3,7088"
12/06/2018,"3,715"
13/06/2018,"3,7188"
14/06/2018,"3,804"
15/06/2018,"3,7284"
17/06/2018,"3,7287"
18/06/2018,"3,7462"
19/06/2018,"3,745"
20/06/2018,"3,7691"
21/06/2018,"3,7651"
22/06/2018,"3,7851"
24/06/2018,"3,7863"
25/06/2018,"3,7751"
26/06/2018,"3,7958"
27/06/2018,"3,8601"
28/06/2018,"3,8595"
29/06/2018,"3,8756"
30/06/2018,"3,8755"
01/07/2018,"3,8756"
02/07/2018,"3,9126"
03/07/2018,"3,8963"
04/07/2018,"3,911"
05/07/2018,"3,9313"
06/07/2018,"3,8618"
07/07/2018,"3,8615"
08/07/2018,"3,8659"
09/07/2018,"3,8713"
10/07/2018,"3,8151"
11/07/2018,"3,8761"
12/07/2018,"3,8807"
13/07/2018,"3,8497"
14/07/2018,"3,8489"
15/07/2018,"3,8494"
16/07/2018,"3,856"
17/07/2018,"3,8359"
18/07/2018,"3,8492"
19/07/2018,"3,8285"
20/07/2018,"3,7655"
21/07/2018,"3,7622"
22/07/2018,"3,7708"
23/07/2018,"3,7804"
24/07/2018,"3,7461"
25/07/2018,"3,6864"
26/07/2018,"3,7443"
27/07/2018,"3,7118"
29/07/2018,"3,7111"
30/07/2018,"3,7281"
31/07/2018,"3,753"
01/08/2018,"3,747"
02/08/2018,"3,7484"
03/08/2018,"3,7055"
05/08/2018,"3,7023"
06/08/2018,"3,7345"
07/08/2018,"3,7505"
08/08/2018,"3,7701"
09/08/2018,"3,7996"
10/08/2018,"3,8596"
12/08/2018,"3,8654"
13/08/2018,"3,882"
14/08/2018,"3,8644"
15/08/2018,"3,9006"
16/08/2018,"3,9039"
17/08/2018,"3,9091"
19/08/2018,"3,9098"
20/08/2018,"3,966"
21/08/2018,"4,0485"
22/08/2018,"4,0369"
23/08/2018,"4,1123"
24/08/2018,"4,1039"
26/08/2018,"4,1028"
27/08/2018,"4,0775"
28/08/2018,"4,1339"
29/08/2018,"4,1055"
30/08/2018,"4,1486"
31/08/2018,"4,054"
01/09/2018,"4,0538"
02/09/2018,"4,0537"
03/09/2018,"4,1548"
04/09/2018,"4,1537"
05/09/2018,"4,1431"
06/09/2018,"4,0573"
07/09/2018,"4,0581"
08/09/2018,"4,0581"
09/09/2018,"4,0438"
10/09/2018,"4,0846"
11/09/2018,"4,1516"
12/09/2018,"4,1598"
13/09/2018,"4,205"
14/09/2018,"4,1721"
16/09/2018,"4,172"
17/09/2018,"4,1321"
18/09/2018,"4,1584"
19/09/2018,"4,1303"
20/09/2018,"4,076"
21/09/2018,"4,0493"
22/09/2018,"4,0493"
23/09/2018,"4,05"
24/09/2018,"4,0913"
25/09/2018,"4,0736"
26/09/2018,"4,0308"
27/09/2018,"4,012"
28/09/2018,"4,048"
30/09/2018,"4,0527"
01/10/2018,"4,0164"
02/10/2018,"3,9395"
03/10/2018,"3,9004"
04/10/2018,"3,8739"
05/10/2018,"3,8358"
06/10/2018,"3,8343"
07/10/2018,"3,8358"
08/10/2018,"3,7772"
09/10/2018,"3,7148"
10/10/2018,"3,7548"
11/10/2018,"3,7815"
12/10/2018,"3,7816"
14/10/2018,"3,7816"
15/10/2018,"3,7339"
16/10/2018,"3,7236"
17/10/2018,"3,6862"
18/10/2018,"3,7203"
19/10/2018,"3,7114"
21/10/2018,"3,7109"
22/10/2018,"3,6823"
23/10/2018,"3,6924"
24/10/2018,"3,7311"
25/10/2018,"3,7049"
26/10/2018,"3,6413"
27/10/2018,"3,6415"
28/10/2018,"3,6416"
29/10/2018,"3,7158"
30/10/2018,"3,6946"
31/10/2018,"3,7207"
01/11/2018,"3,6949"
02/11/2018,"3,6938"
04/11/2018,"3,7"
05/11/2018,"3,7246"
06/11/2018,"3,7599"
07/11/2018,"3,7304"
08/11/2018,"3,7592"
09/11/2018,"3,7323"
10/11/2018,"3,7323"
11/11/2018,"3,7294"
12/11/2018,"3,7664"
13/11/2018,"3,8014"
14/11/2018,"3,7824"
15/11/2018,"3,7824"
16/11/2018,"3,7441"
17/11/2018,"3,7385"
18/11/2018,"3,7425"
19/11/2018,"3,7544"
20/11/2018,"3,7557"
21/11/2018,"3,7961"
22/11/2018,"3,8031"
23/11/2018,"3,8298"
24/11/2018,"3,8233"
25/11/2018,"3,673"
26/11/2018,"3,9397"
27/11/2018,"3,8735"
28/11/2018,"3,8492"
29/11/2018,"3,851"
30/11/2018,"3,8652"
01/12/2018,"3,8619"
02/12/2018,"3,8652"
03/12/2018,"3,8408"
04/12/2018,"3,8511"
05/12/2018,"3,8674"
06/12/2018,"3,8778"
07/12/2018,"3,9058"
09/12/2018,"3,9058"
10/12/2018,"3,9167"
11/12/2018,"3,9026"
12/12/2018,"3,8541"
13/12/2018,"3,8907"
14/12/2018,"3,9165"
16/12/2018,"3,9155"
17/12/2018,"3,8976"
18/12/2018,"3,9109"
19/12/2018,"3,8962"
20/12/2018,"3,8389"
21/12/2018,"3,9027"
22/12/2018,"3,9027"
23/12/2018,"3,8434"
24/12/2018,"3,9026"
25/12/2018,"3,9028"
26/12/2018,"3,9206"
27/12/2018,"3,8715"
28/12/2018,"3,8799"
30/12/2018,"3,8742"
31/12/2018,"3,88"
01/01/2019,"3,8799"
02/01/2019,"3,7863"
03/01/2019,"3,7551"
04/01/2019,"3,7117"
05/01/2019,"3,7138"
06/01/2019,"3,6612"
07/01/2019,"3,7341"
08/01/2019,"3,7124"
09/01/2019,"3,68"
10/01/2019,"3,7079"
11/01/2019,"3,7099"
12/01/2019,"3,7099"
13/01/2019,"3,6596"
14/01/2019,"3,6975"
15/01/2019,"3,7164"
16/01/2019,"3,7343"
17/01/2019,"3,7489"
18/01/2019,"3,7495"
20/01/2019,"3,7502"
21/01/2019,"3,7514"
22/01/2019,"3,812"
23/01/2019,"3,7623"
24/01/2019,"3,7698"
25/01/2019,"3,7696"
26/01/2019,"3,7719"
27/01/2019,"3,7696"
28/01/2019,"3,7596"
29/01/2019,"3,7185"
30/01/2019,"3,6814"
31/01/2019,"3,6428"
01/02/2019,"3,6583"
03/02/2019,"3,6573"
04/02/2019,"3,667"
05/02/2019,"3,6683"
06/02/2019,"3,6947"
07/02/2019,"3,7149"
08/02/2019,"3,7286"
09/02/2019,"3,7243"
10/02/2019,"3,7286"
11/02/2019,"3,7552"
12/02/2019,"3,708"
13/02/2019,"3,7532"
14/02/2019,"3,722"
15/02/2019,"3,699"
16/02/2019,"3,699"
17/02/2019,"3,6468"
18/02/2019,"3,7317"
19/02/2019,"3,722"
20/02/2019,"3,724"
21/02/2019,"3,7665"
22/02/2019,"3,7467"
23/02/2019,"3,7435"
24/02/2019,"3,7463"
25/02/2019,"3,7504"
26/02/2019,"3,7471"
27/02/2019,"3,7273"
28/02/2019,"3,7475"
01/03/2019,"3,7749"
02/03/2019,"3,7727"
03/03/2019,"3,77415"
04/03/2019,"3,7756"
05/03/2019,"3,7759"
06/03/2019,"3,84035"
07/03/2019,"3,8708"
08/03/2019,"3,8696"
09/03/2019,"3,8696"
10/03/2019,"3,86655"
11/03/2019,"3,8388"
12/03/2019,"3,8131"
13/03/2019,"3,8148"
14/03/2019,"3,842"
15/03/2019,"3,8145"
16/03/2019,"3,8145"
17/03/2019,"3,8145"
18/03/2019,"3,7915"
19/03/2019,"3,7892"
20/03/2019,"3,7757"
21/03/2019,"3,7926"
22/03/2019,"3,9075"
23/03/2019,"3,9055"
24/03/2019,"3,9075"
25/03/2019,"3,8551"
26/03/2019,"3,8764"
27/03/2019,"3,99245"
28/03/2019,"3,9013"
29/03/2019,"3,9231"
30/03/2019,"3,9231"
31/03/2019,"3,92545"
01/04/2019,"3,85205"
02/04/2019,"3,8538"
03/04/2019,"3,8698"
04/04/2019,"3,8574"
05/04/2019,"3,8753"
06/04/2019,"3,8753"
07/04/2019,"3,8755"
08/04/2019,"3,8497"
09/04/2019,"3,8497"
10/04/2019,"3,8255"
11/04/2019,"3,8573"
12/04/2019,"3,8818"
13/04/2019,"3,8758"
14/04/2019,"3,881"
15/04/2019,"3,8719"
16/04/2019,"3,9053"
17/04/2019,"3,9382"
18/04/2019,"3,9282"
19/04/2019,"3,936"
20/04/2019,"3,936"
21/04/2019,"3,936"
22/04/2019,"3,9356"
23/04/2019,"3,9198"
24/04/2019,"3,9911"
25/04/2019,"3,9542"
26/04/2019,"3,9299"
27/04/2019,"3,925"
28/04/2019,"3,9307"
29/04/2019,"3,9458"
30/04/2019,"3,9184"
01/05/2019,"3,9208"
02/05/2019,"3,9677"
03/05/2019,"3,9396"
04/05/2019,"3,939"
05/05/2019,"3,9381"
06/05/2019,"3,9697"
07/05/2019,"3,9702"
08/05/2019,"3,9278"
09/05/2019,"3,9469"
10/05/2019,"3,9572"
11/05/2019,"3,9572"
12/05/2019,"3,9612"
13/05/2019,"3,99405"
14/05/2019,"3,9766"
15/05/2019,"4,0014"
16/05/2019,"4,0477"
17/05/2019,"4,0992"
18/05/2019,"4,0992"
19/05/2019,"4,0989"
20/05/2019,"4,0964"
21/05/2019,"4,0395"
22/05/2019,"4,0404"
23/05/2019,"4,0423"
24/05/2019,"4,0225"
25/05/2019,"4,0223"
26/05/2019,"4,0227"
27/05/2019,"4,0436"
28/05/2019,"4,0249"
29/05/2019,"3,9749"
30/05/2019,"3,9815"
31/05/2019,"3,925"
01/06/2019,"3,925"
02/06/2019,"3,9257"
03/06/2019,"3,8856"
04/06/2019,"3,8551"
05/06/2019,"3,8809"
06/06/2019,"3,8799"
07/06/2019,"3,8775"
08/06/2019,"3,8775"
09/06/2019,"3,878"
10/06/2019,"3,886"
11/06/2019,"3,8566"
12/06/2019,"3,8674"
13/06/2019,"3,8497"
14/06/2019,"3,8965"
15/06/2019,"3,8877"
16/06/2019,"3,896"
17/06/2019,"3,8885"
18/06/2019,"3,861"
19/06/2019,"3,83895"
20/06/2019,"3,8393"
21/06/2019,"3,8222"
22/06/2019,"3,822"
23/06/2019,"3,822"
24/06/2019,"3,8271"
25/06/2019,"3,847"
26/06/2019,"3,8444"
27/06/2019,"3,8195"
28/06/2019,"3,8498"
29/06/2019,"3,851"